Date	PrOpen	PrHigh	PrLow	PrClose	PrVol	BuySell	Delta	SMA_2	SMA_3	SMA_4	SMA_5	SMA_6	SMA_7	SMA_8	SMA_9	SMA_10	SMA_11	SMA_12	SMA_13	SMA_14	SMA_15	SMA_16	SMA_17	SMA_18	SMA_19	SMA_20
2011-01-03																										
2011-01-04	1.157743	1.17509	1.157743	1.167075	4.28667	BUY	20.43	1.167075	1.167075	1.167075	1.167075	1.167075	1.167075	1.167075	1.167075	1.167075	1.167075	1.167075	1.167075	1.167075	1.167075	1.167075	1.167075	1.167075	1.167075	1.167075
2011-01-05	1.16709	1.176694	1.158299	1.169118	4.79642	BUY	31.71	1.168097	1.168097	1.168097	1.168097	1.168097	1.168097	1.168097	1.168097	1.168097	1.168097	1.168097	1.168097	1.168097	1.168097	1.168097	1.168097	1.168097	1.168097	1.168097
2011-01-06	1.168876	1.177572	1.161029	1.172289	4.76492	SELL	-25.58	1.170704	1.169494	1.169494	1.169494	1.169494	1.169494	1.169494	1.169494	1.169494	1.169494	1.169494	1.169494	1.169494	1.169494	1.169494	1.169494	1.169494	1.169494	1.169494
2011-01-07	1.171693	1.179578	1.161531	1.169731	4.8441	SELL	-22.55	1.17101	1.170379	1.169553	1.169553	1.169553	1.169553	1.169553	1.169553	1.169553	1.169553	1.169553	1.169553	1.169553	1.169553	1.169553	1.169553	1.169553	1.169553	1.169553
2011-01-10	1.169686	1.176149	1.157864	1.167476	4.96311	SELL	-37.31	1.168604	1.169832	1.169654	1.169138	1.169138	1.169138	1.169138	1.169138	1.169138	1.169138	1.169138	1.169138	1.169138	1.169138	1.169138	1.169138	1.169138	1.169138	1.169138
2011-01-11	1.167234	1.169833	1.154587	1.163745	4.03645	BUY	34.43	1.165611	1.166984	1.16831	1.168472	1.168239	1.168239	1.168239	1.168239	1.168239	1.168239	1.168239	1.168239	1.168239	1.168239	1.168239	1.168239	1.168239	1.168239	1.168239
2011-01-12	1.163851	1.175657	1.160157	1.167188	4.05075	BUY	83.56	1.165467	1.166136	1.167035	1.168086	1.168258	1.168089	1.168089	1.168089	1.168089	1.168089	1.168089	1.168089	1.168089	1.168089	1.168089	1.168089	1.168089	1.168089	1.168089
2011-01-13	1.167362	1.181455	1.167362	1.175544	4.22694	SELL	-23.54	1.171366	1.168826	1.168488	1.168737	1.169329	1.169299	1.169021	1.169021	1.169021	1.169021	1.169021	1.169021	1.169021	1.169021	1.169021	1.169021	1.169021	1.169021	1.169021
2011-01-14	1.17537	1.180319	1.166632	1.17319	4.31084	BUY	55.48	1.174367	1.171974	1.169917	1.169429	1.169479	1.16988	1.169785	1.169484	1.169484	1.169484	1.169484	1.169484	1.169484	1.169484	1.169484	1.169484	1.169484	1.169484	1.169484
2011-01-18	1.17322	1.182711	1.165841	1.178738	4.66159	BUY	50.55	1.175964	1.175824	1.173665	1.171681	1.17098	1.170802	1.170988	1.17078	1.170409	1.170409	1.170409	1.170409	1.170409	1.170409	1.170409	1.170409	1.170409	1.170409	1.170409
2011-01-19	1.178382	1.190923	1.174083	1.183793	5.28499	SELL	-12.64	1.181266	1.178574	1.177816	1.175691	1.1737	1.172811	1.172426	1.17241	1.172081	1.171626	1.171626	1.171626	1.171626	1.171626	1.171626	1.171626	1.171626	1.171626	1.171626
2011-01-20	1.183421	1.192292	1.174636	1.182529	4.74371	SELL	-2.49	1.183161	1.181687	1.179563	1.178759	1.17683	1.174961	1.174025	1.173548	1.173422	1.173031	1.172535	1.172535	1.172535	1.172535	1.172535	1.172535	1.172535	1.172535	1.172535
2011-01-21	1.18237	1.189015	1.170068	1.18228	4.93532	BUY	49.04	1.182405	1.182867	1.181835	1.180106	1.179346	1.177609	1.175876	1.174943	1.174421	1.174228	1.173802	1.173284	1.173284	1.173284	1.173284	1.173284	1.173284	1.173284	1.173284
2011-01-24	1.182476	1.196031	1.180297	1.187184	4.93532	BUY	108.68	1.184732	1.183998	1.183947	1.182905	1.181286	1.180465	1.178806	1.177132	1.176167	1.175582	1.175307	1.174831	1.174277	1.174277	1.174277	1.174277	1.174277	1.174277	1.174277
2011-01-25	1.18735	1.202124	1.182658	1.198052	3.90247	SELL	-3.33	1.192618	1.189172	1.187511	1.186768	1.185429	1.183681	1.182664	1.180944	1.179224	1.178156	1.177454	1.177057	1.17649	1.175862	1.175862	1.175862	1.175862	1.175862	1.175862
2011-01-26	1.197908	1.207217	1.184005	1.197719	4.59538	BUY	8.25	1.197886	1.194318	1.191309	1.189553	1.188593	1.187185	1.185436	1.184337	1.182622	1.180906	1.179787	1.179013	1.178533	1.177905	1.177228	1.177228	1.177228	1.177228	1.177228
2011-01-27	1.197885	1.206983	1.190328	1.198544	4.73098	BUY	4.39	1.198132	1.198105	1.195375	1.192756	1.191051	1.190014	1.188605	1.186892	1.185757	1.184069	1.182376	1.181229	1.180408	1.179867	1.179195	1.178482	1.178482	1.178482	1.178482
2011-01-28	1.198536	1.206672	1.190771	1.198983	4.30919	SELL	-166.13	1.198764	1.198415	1.198325	1.196096	1.193794	1.192184	1.191136	1.189758	1.188101	1.18696	1.185312	1.183653	1.182498	1.181646	1.181062	1.180359	1.179621	1.179621	1.179621
2011-01-31	1.199036	1.204765	1.177564	1.18237	5.61863	BUY	68.23	1.190677	1.193299	1.194404	1.195134	1.193809	1.192162	1.190958	1.190162	1.189019	1.18758	1.186577	1.185086	1.183561	1.182489	1.181692	1.181139	1.180471	1.179766	1.179766
2011-02-01	1.182446	1.195108	1.17383	1.189193	4.16716	BUY	148.23	1.185782	1.190182	1.192273	1.193362	1.194144	1.193149	1.191791	1.190762	1.190065	1.189035	1.187715	1.186778	1.185379	1.183937	1.182908	1.182133	1.181586	1.18093	1.180237
2011-02-02	1.18925	1.208224	1.18925	1.204016	5.1645	BUY	1.81	1.196604	1.19186	1.19364	1.194621	1.195138	1.195554	1.194508	1.193149	1.192087	1.191333	1.190283	1.188969	1.18801	1.186622	1.185192	1.18415	1.183349	1.182767	1.182084
2011-02-03	1.203827	1.210411	1.196273	1.204197	4.09826	BUY	20.29	1.204107	1.199135	1.194944	1.195752	1.196217	1.196432	1.196634	1.195584	1.194254	1.193188	1.192405	1.191354	1.190056	1.189089	1.18772	1.18631	1.185263	1.184446	1.183838
2011-02-04	1.204068	1.210517	1.195797	1.206226	4.37099	BUY	29.89	1.205211	1.204813	1.200908	1.1972	1.197497	1.197647	1.197656	1.1977	1.196648	1.195342	1.194274	1.193468	1.192416	1.191134	1.19016	1.188809	1.187416	1.186367	1.185535
2011-02-07	1.206165	1.212538	1.200334	1.209215	3.92595	BUY	69.48	1.207721	1.206546	1.205913	1.202569	1.199203	1.199171	1.199093	1.19894	1.198852	1.197791	1.196498	1.195424	1.194593	1.193536	1.192264	1.191281	1.189942	1.188563	1.187509
2011-02-08	1.209238	1.221945	1.200334	1.216163	3.90227	BUY	71.52	1.212689	1.210535	1.20895	1.207963	1.204835	1.201626	1.201295	1.20099	1.200663	1.200425	1.199322	1.198011	1.196905	1.196031	1.19495	1.19367	1.192663	1.191322	1.189943
2011-02-09	1.21527	1.225892	1.211478	1.223315	3.88153	BUY	6.74	1.219739	1.216231	1.21373	1.211823	1.210522	1.207475	1.204337	1.203742	1.203222	1.202722	1.202333	1.201167	1.199818	1.198666	1.197736	1.196619	1.195317	1.194276	1.192922
2011-02-10	1.222959	1.230429	1.213586	1.223989	3.92224	SELL	-10.6	1.223652	1.221156	1.218171	1.215782	1.213851	1.212446	1.209539	1.20652	1.205767	1.20511	1.204494	1.203999	1.202798	1.20143	1.200248	1.19928	1.198139	1.196826	1.195762
2011-02-11	1.223966	1.229135	1.21074	1.222929	4.18461	BUY	43.97	1.223459	1.223411	1.221599	1.219122	1.216973	1.215148	1.213756	1.211027	1.208161	1.207327	1.206595	1.205912	1.205351	1.20414	1.202773	1.201583	1.200594	1.199444	1.198131
2011-02-14	1.222778	1.232685	1.21384	1.227326	4.2193	SELL	-5.07	1.225128	1.224748	1.22439	1.222744	1.22049	1.218452	1.21667	1.215264	1.212657	1.209904	1.208993	1.20819	1.207442	1.206816	1.205589	1.204218	1.203013	1.202001	1.200838
2011-02-15	1.226683	1.2327	1.218521	1.226819	3.56704	SELL	-41.55	1.227073	1.225691	1.225266	1.224876	1.223424	1.221394	1.219498	1.217798	1.21642	1.213944	1.211313	1.210365	1.20952	1.208734	1.208066	1.206838	1.205473	1.204266	1.203242
2011-02-16	1.226675	1.229347	1.214627	1.222664	3.92686	BUY	61.53	1.224742	1.225603	1.224935	1.224745	1.224507	1.223315	1.221553	1.21985	1.218284	1.216987	1.214671	1.212186	1.211243	1.210397	1.209604	1.208925	1.207717	1.206378	1.205186
2011-02-17	1.221979	1.233843	1.219554	1.228817	1.96645	BUY	29.97	1.225741	1.2261	1.226407	1.225711	1.225424	1.225123	1.224003	1.22236	1.220746	1.219242	1.217973	1.215759	1.213374	1.212415	1.211548	1.210734	1.21003	1.208827	1.2075
2011-02-18	1.228779	1.23575	1.22168	1.231814	1.96645	BUY	73.11	1.230316	1.227765	1.227529	1.227488	1.226728	1.226337	1.225959	1.224871	1.223305	1.221752	1.22029	1.219038	1.216906	1.214604	1.213627	1.21274	1.211905	1.211176	1.209977
2011-02-22	1.23186	1.241797	1.226516	1.239125	1.96645	SELL	-178.46	1.23547	1.233252	1.230605	1.229848	1.229428	1.228499	1.227935	1.227422	1.226296	1.224743	1.2232	1.221738	1.220472	1.218387	1.216136	1.215127	1.214206	1.213338	1.212574
2011-02-23	1.238974	1.23947	1.214297	1.221279	1.32278	SELL	-107.01	1.230202	1.230739	1.230259	1.22874	1.22842	1.228263	1.227597	1.227196	1.226808	1.22584	1.224455	1.223052	1.221706	1.220526	1.218568	1.216439	1.215469	1.214578	1.213735
2011-02-24	1.221181	1.228984	1.200739	1.210578	1.33034	SELL	-37.28	1.215929	1.223661	1.225699	1.226323	1.225713	1.225871	1.226053	1.225706	1.225534	1.225332	1.224568	1.223387	1.222161	1.220964	1.219904	1.218098	1.216113	1.215211	1.214378
2011-02-25	1.210464	1.220269	1.196062	1.20685	1.2229	BUY	61.95	1.208714	1.212902	1.219458	1.221929	1.223077	1.223018	1.223493	1.223919	1.22382	1.223835	1.223792	1.223205	1.222206	1.221141	1.220082	1.219137	1.217473	1.215626	1.214793
2011-02-28	1.206093	1.22022	1.204383	1.213045	3.83603	BUY	95.89	1.209948	1.210158	1.212938	1.218175	1.220449	1.221644	1.221772	1.222332	1.222832	1.222841	1.222936	1.222965	1.22248	1.221595	1.220635	1.219668	1.218798	1.21724	1.215497
2011-03-01	1.213022	1.229347	1.211228	1.222634	1.25285	SELL	-168.32	1.21784	1.214176	1.213277	1.214877	1.218919	1.220761	1.221768	1.221867	1.222362	1.222814	1.222823	1.222913	1.222942	1.22249	1.22166	1.220752	1.219832	1.219	1.21751
2011-03-02	1.222657	1.230403	1.2036	1.205802	1.18042	BUY	8.78	1.214218	1.213827	1.212083	1.211782	1.213365	1.217045	1.218891	1.219994	1.220261	1.220857	1.221396	1.221514	1.221691	1.221799	1.221447	1.220727	1.219922	1.219094	1.21834
2011-03-03	1.205734	1.215497	1.197008	1.20668	1.025	BUY	191.4	1.206241	1.211705	1.21204	1.211002	1.210932	1.21241	1.215749	1.217534	1.218662	1.219026	1.219676	1.220264	1.220454	1.22069	1.220854	1.220578	1.219947	1.219225	1.218473
2011-03-04	1.206801	1.231784	1.206801	1.22582	4.34047	SELL	-88.32	1.21625	1.212767	1.215234	1.214796	1.213472	1.213058	1.214086	1.216868	1.218363	1.219313	1.219592	1.220148	1.220661	1.220812	1.221011	1.221146	1.220869	1.220256	1.219554
2011-03-07	1.225888	1.230626	1.205681	1.216988	4.22374	SELL	-79.85	1.221404	1.216496	1.213822	1.215585	1.215161	1.213974	1.21355	1.214408	1.21688	1.218238	1.219119	1.219392	1.219922	1.220416	1.220573	1.220774	1.220915	1.220665	1.220093
2011-03-08	1.217109	1.226887	1.202551	1.209003	3.96473	BUY	124.35	1.212996	1.21727	1.214623	1.212859	1.214488	1.214282	1.213353	1.213044	1.213868	1.216164	1.217468	1.218341	1.21865	1.219195	1.219703	1.219893	1.22012	1.220288	1.220082
2011-03-09	1.20858	1.227637	1.203902	1.221438	4.53142	SELL	-1.29	1.215221	1.21581	1.218312	1.215986	1.214288	1.215481	1.215176	1.214251	1.213884	1.214556	1.216604	1.217774	1.218562	1.218836	1.219335	1.219805	1.219978	1.220189	1.220346
2011-03-10	1.221116	1.229374	1.210668	1.221309	3.70952	SELL	-228.48	1.221374	1.21725	1.217185	1.218912	1.216873	1.215291	1.216209	1.215858	1.214957	1.214559	1.215119	1.216965	1.218026	1.218745	1.21899	1.219451	1.219888	1.220048	1.220245
2011-03-11	1.221143	1.221143	1.192448	1.198461	4.72302	BUY	59.79	1.209885	1.213736	1.212553	1.21344	1.215503	1.214243	1.213188	1.214237	1.214118	1.213457	1.213217	1.213837	1.215644	1.216722	1.217478	1.217783	1.218285	1.218761	1.218969
2011-03-14	1.197696	1.208701	1.193632	1.20444	3.7404	SELL	-51.24	1.201451	1.20807	1.211412	1.21093	1.21194	1.213923	1.213017	1.212216	1.213257	1.213238	1.212706	1.212542	1.213166	1.214897	1.215954	1.216711	1.217042	1.217556	1.218045
2011-03-15	1.204213	1.205844	1.187343	1.199316	4.05037	SELL	-137.74	1.201878	1.200739	1.205881	1.208993	1.208995	1.210136	1.212097	1.211495	1.210926	1.21199	1.212078	1.211676	1.211597	1.212243	1.213923	1.214975	1.215744	1.216109	1.216644
2011-03-16	1.198869	1.198869	1.16485	1.185542	5.2014	SELL	-242.12	1.192429	1.196433	1.19694	1.201814	1.205084	1.205644	1.207062	1.209146	1.2089	1.208618	1.209786	1.210037	1.209809	1.20986	1.210574	1.212254	1.21334	1.214155	1.21458
2011-03-17	1.185413	1.186208	1.154814	1.16133	5.833	BUY	161.29	1.173436	1.182063	1.187657	1.189818	1.195066	1.198834	1.200105	1.201981	1.204365	1.204575	1.204677	1.206059	1.206558	1.206577	1.206827	1.207677	1.209424	1.210603	1.211514
2011-03-18	1.161482	1.184255	1.161482	1.177459	4.13495	BUY	83.93	1.169395	1.174777	1.180912	1.185617	1.187758	1.192551	1.196162	1.197589	1.199529	1.201919	1.202315	1.202584	1.204016	1.204618	1.204757	1.2051	1.205999	1.207742	1.208946
2011-03-21	1.177723	1.197114	1.177723	1.185852	4.6855	BUY	178.01	1.181656	1.17488	1.177546	1.1819	1.185657	1.187486	1.191714	1.195016	1.196415	1.198285	1.20058	1.201049	1.201389	1.202805	1.203445	1.203645	1.20403	1.204938	1.206648
2011-03-22	1.186011	1.211788	1.186011	1.203653	4.22373	SELL	-17.9	1.194753	1.188988	1.182074	1.182767	1.185525	1.188227	1.189507	1.19304	1.19588	1.197073	1.198733	1.200816	1.201235	1.20154	1.202858	1.203457	1.203646	1.204011	1.204874
2011-03-23	1.203637	1.209601	1.196538	1.201863	3.57655	BUY	67.39	1.202758	1.197123	1.192207	1.186031	1.18595	1.187859	1.189932	1.19088	1.193923	1.196424	1.197472	1.198973	1.200891	1.201277	1.20156	1.202799	1.203369	1.203552	1.203903
2011-03-24	1.20184	1.213189	1.19367	1.208602	3.84235	BUY	84.54	1.205233	1.204706	1.199993	1.195486	1.189793	1.189186	1.190452	1.192006	1.192652	1.195257	1.197439	1.198328	1.199661	1.201405	1.201735	1.201974	1.203122	1.203644	1.203804
2011-03-25	1.208754	1.222108	1.20646	1.217056	4.22374	BUY	50.03	1.212829	1.209174	1.207794	1.203405	1.199081	1.193688	1.19267	1.193408	1.194511	1.19487	1.197074	1.198948	1.199666	1.200821	1.202383	1.202636	1.202812	1.203855	1.204315
2011-03-28	1.217071	1.229029	1.214362	1.222059	4.22374	SELL	-22.71	1.219558	1.215906	1.212395	1.210647	1.206514	1.202363	1.197234	1.195935	1.196273	1.197016	1.197136	1.198996	1.200599	1.201159	1.202148	1.203541	1.203715	1.203825	1.204765
2011-03-29	1.222119	1.227292	1.219788	1.219788	3.21517	BUY	81.13	1.220924	1.219634	1.216876	1.213874	1.21217	1.20841	1.204542	1.19974	1.19832	1.198411	1.198913	1.198879	1.200481	1.201878	1.202323	1.203186	1.204443	1.204561	1.204623
2011-03-30	1.219387	1.231035	1.214165	1.227901	3.48258	BUY	71.6	1.223845	1.223249	1.221701	1.219081	1.216212	1.214417	1.210847	1.207137	1.202556	1.20101	1.200868	1.201143	1.200952	1.202309	1.203504	1.203828	1.204559	1.205678	1.205728
2011-03-31	1.228007	1.241343	1.227152	1.235061	3.80957	SELL	-30.88	1.231481	1.227583	1.226202	1.224373	1.221745	1.218904	1.216998	1.213537	1.209929	1.205511	1.203847	1.203499	1.203566	1.203226	1.204356	1.205361	1.205563	1.206164	1.207147
2011-04-01	1.235084	1.242296	1.227705	1.231973	3.56627	BUY	56.99	1.233517	1.231645	1.228681	1.227356	1.22564	1.223206	1.220538	1.218662	1.215381	1.211933	1.207716	1.206011	1.205533	1.20546	1.205022	1.20598	1.206839	1.206953	1.207455
2011-04-04	1.232102	1.245452	1.230111	1.237672	4.22374	BUY	23.31	1.234823	1.234902	1.233152	1.230479	1.229076	1.227359	1.225014	1.222442	1.220563	1.217407	1.214078	1.210021	1.208272	1.207675	1.207473	1.206943	1.207741	1.208462	1.208489
2011-04-05	1.23746	1.244575	1.233135	1.240003	4.22374	SELL	-6.13	1.238838	1.236549	1.236177	1.234522	1.232066	1.230637	1.228939	1.226679	1.224198	1.22233	1.21929	1.216072	1.212162	1.210388	1.209696	1.209386	1.208779	1.209439	1.210039
2011-04-06	1.240208	1.24745	1.232034	1.23939	3.85228	BUY	32.85	1.239697	1.239022	1.23726	1.23682	1.235333	1.233113	1.231731	1.2301	1.227951	1.225579	1.223752	1.220836	1.217738	1.213977	1.2122	1.211442	1.211053	1.210391	1.210937
2011-04-07	1.238666	1.249903	1.234713	1.242675	4.22374	SELL	-17.26	1.241033	1.240689	1.239935	1.238343	1.237796	1.236382	1.234308	1.232947	1.231358	1.229289	1.227004	1.225207	1.222396	1.2194	1.215771	1.213993	1.213177	1.212718	1.212005
2011-04-08	1.242645	1.24717	1.230762	1.240949	4.0056	SELL	-29.44	1.241812	1.241005	1.240754	1.240138	1.238777	1.238246	1.236953	1.235046	1.233747	1.23223	1.230261	1.228076	1.226332	1.223633	1.220747	1.217252	1.21549	1.214639	1.214129
2011-04-11	1.24098	1.247503	1.231046	1.238005	3.58281	BUY	1.06	1.239477	1.240543	1.240255	1.240204	1.239782	1.238667	1.238216	1.23707	1.235342	1.234134	1.232711	1.230856	1.228786	1.22711	1.224531	1.221762	1.218405	1.216675	1.215807
2011-04-12	1.238043	1.247693	1.231935	1.238111	3.47897	SELL	-117.53	1.238058	1.239022	1.239935	1.239826	1.239856	1.239544	1.238597	1.238204	1.237174	1.235593	1.234466	1.233126	1.231375	1.229407	1.227798	1.22533	1.222671	1.219442	1.217747
2011-04-13	1.238104	1.238104	1.218509	1.226358	4.27549	BUY	7.41	1.232235	1.234158	1.235856	1.23722	1.237581	1.237927	1.237895	1.237237	1.23702	1.236191	1.234824	1.233842	1.232643	1.23104	1.229217	1.227713	1.225387	1.222865	1.219788
2011-04-14	1.226373	1.237294	1.220363	1.227099	3.85086	BUY	14.16	1.226729	1.230523	1.232393	1.234104	1.235533	1.236084	1.236574	1.236696	1.236224	1.236118	1.235433	1.23423	1.23336	1.232273	1.230794	1.229092	1.227679	1.225477	1.223076
2011-04-15	1.227024	1.233271	1.213798	1.228515	3.87263	BUY	56.68	1.227807	1.227324	1.230021	1.231618	1.233173	1.23453	1.235138	1.235678	1.235878	1.235523	1.235484	1.234901	1.233821	1.233037	1.232038	1.23066	1.22906	1.227723	1.225629
2011-04-18	1.228545	1.240261	1.223834	1.234183	4.22374	SELL	-140.24	1.231349	1.229932	1.229039	1.230853	1.232045	1.233317	1.234487	1.235032	1.235529	1.235724	1.235411	1.235384	1.23485	1.233846	1.233109	1.232165	1.230856	1.22933	1.228046
2011-04-19	1.233971	1.233979	1.209389	1.220159	4.22374	BUY	65.16	1.227171	1.227619	1.227489	1.227263	1.229071	1.230347	1.231672	1.232895	1.233544	1.234132	1.234427	1.234238	1.234297	1.23387	1.23299	1.232347	1.231498	1.230293	1.228871
2011-04-20	1.220144	1.232053	1.216329	1.226675	3.8863	BUY	186.79	1.223417	1.227006	1.227383	1.227326	1.227165	1.228729	1.229888	1.231117	1.232273	1.23292	1.23351	1.23383	1.233698	1.233789	1.233421	1.232619	1.232032	1.231244	1.230112
2011-04-21	1.227917	1.253096	1.227917	1.245354	4.23628	BUY	52.45	1.236015	1.230729	1.231593	1.230977	1.230331	1.229763	1.230807	1.231607	1.232541	1.233462	1.233956	1.234421	1.234653	1.234475	1.234511	1.234123	1.233326	1.232733	1.231949
2011-04-25	1.245362	1.256389	1.237782	1.250599	3.58724	SELL	-26.11	1.247977	1.240876	1.235697	1.235394	1.234248	1.233226	1.232368	1.233006	1.233506	1.234182	1.23489	1.235236	1.235577	1.235716	1.235482	1.235458	1.235038	1.234235	1.233626
2011-04-26	1.250599	1.25475	1.240102	1.247988	2.14213	BUY	115.49	1.249294	1.24798	1.242654	1.238155	1.237493	1.23621	1.235071	1.234103	1.234504	1.234822	1.235333	1.235898	1.236147	1.236404	1.236483	1.236218	1.236154	1.235719	1.234923
2011-04-27	1.248086	1.265217	1.244832	1.259537	3.90806	BUY	95.59	1.253763	1.252708	1.25087	1.246031	1.241719	1.240642	1.239126	1.23779	1.236647	1.23678	1.236882	1.237195	1.237586	1.237706	1.23785	1.23784	1.237514	1.237385	1.23691
2011-04-28	1.259223	1.272941	1.251855	1.269096	4.05157	BUY	72.35	1.264317	1.258874	1.256805	1.254515	1.249875	1.24563	1.244199	1.242456	1.24092	1.239597	1.239473	1.23936	1.239473	1.239687	1.239668	1.239688	1.239576	1.239176	1.23897
2011-04-29	1.268975	1.280736	1.261743	1.276331	4.03682	BUY	47.23	1.272714	1.268321	1.263238	1.26071	1.258151	1.253654	1.249467	1.247769	1.245844	1.24414	1.242658	1.242308	1.242001	1.241931	1.241977	1.241825	1.241724	1.24151	1.241034
2011-05-02	1.276339	1.288592	1.271185	1.281054	3.47907	SELL	-3.18	1.278693	1.275494	1.271505	1.266801	1.264101	1.261423	1.257079	1.252977	1.251098	1.249045	1.247216	1.245611	1.245076	1.244604	1.244376	1.244276	1.244004	1.243794	1.243488
2011-05-03	1.281016	1.292845	1.275453	1.280736	3.84625	BUY	0.15	1.280895	1.279374	1.276804	1.273351	1.269124	1.266477	1.263837	1.259708	1.255753	1.253792	1.251686	1.249794	1.24812	1.247453	1.246863	1.246515	1.246301	1.245938	1.245641
2011-05-04	1.280638	1.289144	1.270072	1.280751	4.22374	SELL	-83.93	1.280744	1.280847	1.279718	1.277594	1.274584	1.270785	1.268262	1.265716	1.261812	1.258025	1.256039	1.253921	1.252005	1.250296	1.249534	1.248856	1.248417	1.248114	1.247678
2011-05-05	1.280629	1.285281	1.263246	1.272358	4.22374	SELL	-139.41	1.276555	1.277948	1.278725	1.278246	1.276721	1.274266	1.270981	1.268717	1.26638	1.262771	1.25922	1.257294	1.255238	1.253362	1.251675	1.250877	1.250162	1.249677	1.249327
2011-05-06	1.272365	1.275726	1.250485	1.258417	3.84625	BUY	54.57	1.265388	1.270509	1.273066	1.274663	1.274941	1.274106	1.272285	1.269585	1.267687	1.265656	1.262408	1.259158	1.257374	1.25545	1.253678	1.252071	1.251296	1.250596	1.250114
2011-05-09	1.258076	1.278878	1.258076	1.263874	4.22374	BUY	45.94	1.261146	1.264883	1.26885	1.271227	1.272865	1.27336	1.272827	1.27135	1.269014	1.26734	1.265508	1.262521	1.259495	1.257807	1.255977	1.254278	1.252727	1.251958	1.25126
2011-05-10	1.263783	1.275135	1.259159	1.268468	4.26525	BUY	75.68	1.266171	1.263586	1.265779	1.268774	1.270767	1.272237	1.272749	1.272343	1.271062	1.268965	1.267434	1.265736	1.262946	1.260093	1.258474	1.256711	1.255066	1.253555	1.252783
2011-05-11	1.268513	1.28066	1.266545	1.276036	4.22374	SELL	-130.33	1.272252	1.269459	1.266699	1.267831	1.269984	1.27152	1.272712	1.273114	1.272712	1.271514	1.269554	1.268096	1.266471	1.263818	1.26109	1.259507	1.257785	1.25617	1.254679
2011-05-12	1.274587	1.274821	1.257721	1.263003	3.84625	BUY	65.89	1.26952	1.269169	1.267845	1.26596	1.267026	1.268987	1.270455	1.271633	1.272103	1.271829	1.270805	1.26905	1.267732	1.26624	1.263767	1.261202	1.259701	1.25806	1.256512
2011-05-13	1.262981	1.274609	1.249797	1.269592	3.77721	SELL	-100.17	1.266298	1.269544	1.269275	1.268195	1.266565	1.267393	1.269062	1.270359	1.271429	1.271875	1.271643	1.270712	1.269089	1.267856	1.26645	1.26411	1.261668	1.260222	1.258636
2011-05-16	1.269565	1.274908	1.252279	1.259575	3.42666	SELL	-47.38	1.264584	1.264057	1.267052	1.267335	1.266758	1.265566	1.266415	1.268008	1.269281	1.270351	1.27085	1.270715	1.269916	1.268454	1.267338	1.266045	1.263858	1.261558	1.260189
2011-05-17	1.259484	1.267666	1.248207	1.254837	3.84625	SELL	-68.79	1.257206	1.261335	1.261752	1.264609	1.265252	1.265055	1.264225	1.265129	1.266691	1.267968	1.269058	1.269618	1.269581	1.268911	1.267603	1.266603	1.265423	1.263383	1.261222
2011-05-18	1.254118	1.259151	1.234229	1.247958	4.05397	BUY	80.6	1.251398	1.254123	1.257991	1.258993	1.261834	1.262781	1.262918	1.262418	1.263412	1.264988	1.2663	1.267435	1.268071	1.268139	1.267601	1.266448	1.265567	1.264503	1.262612
2011-05-19	1.247178	1.25956	1.240215	1.256018	3.92203	BUY	45.14	1.251988	1.252938	1.254597	1.257596	1.258497	1.261003	1.261936	1.262151	1.261778	1.26274	1.264241	1.265509	1.26662	1.267267	1.267382	1.26692	1.265868	1.265065	1.264079
2011-05-20	1.256146	1.267378	1.250667	1.260532	3.62611	SELL	-93.28	1.258275	1.254836	1.254836	1.255784	1.258085	1.258788	1.260944	1.26178	1.261989	1.261665	1.262556	1.263955	1.265154	1.266214	1.266846	1.266979	1.266565	1.265587	1.264838
2011-05-23	1.260464	1.263011	1.245396	1.251204	4.06602	SELL	-130.78	1.255868	1.255918	1.253928	1.25411	1.255021	1.257102	1.25784	1.259862	1.260722	1.261009	1.260793	1.261682	1.263045	1.264224	1.265276	1.265926	1.266102	1.265757	1.264868
2011-05-24	1.251129	1.251129	1.229249	1.238126	3.25558	SELL	-25.05	1.244665	1.249954	1.25147	1.250768	1.251446	1.252607	1.25473	1.255649	1.257688	1.258668	1.259102	1.259049	1.26	1.261383	1.262593	1.263679	1.264382	1.26463	1.264375
2011-05-25	1.238187	1.24658	1.231542	1.235621	3.84625	BUY	38.45	1.236874	1.24165	1.246371	1.2483	1.248243	1.249185	1.250484	1.252607	1.253647	1.255682	1.256748	1.257296	1.257376	1.258375	1.259773	1.261006	1.26212	1.262868	1.263179
2011-05-26	1.235545	1.246228	1.22719	1.239466	4.10967	BUY	8.1	1.237544	1.237738	1.241104	1.24499	1.246828	1.246989	1.24797	1.24926	1.251293	1.252357	1.254331	1.255418	1.256022	1.256182	1.257193	1.258579	1.25981	1.260928	1.261698
2011-05-27	1.239156	1.245608	1.228575	1.240276	3.25947	BUY	38.82	1.239871	1.238454	1.238372	1.240939	1.244204	1.245892	1.24615	1.247115	1.248361	1.250291	1.251351	1.25325	1.254337	1.254972	1.255188	1.256198	1.257562	1.258781	1.259895
2011-05-31	1.239806	1.251935	1.238293	1.244158	3.12456	BUY	128.21	1.242217	1.2413	1.23988	1.239529	1.241475	1.244198	1.245675	1.245929	1.24682	1.247979	1.24978	1.250797	1.2526	1.253658	1.254297	1.254539	1.255529	1.256856	1.25805
2011-06-01	1.24434	1.261168	1.24434	1.256979	4.69624	SELL	-279.65	1.250569	1.247138	1.24522	1.2433	1.242438	1.24369	1.245795	1.246931	1.247034	1.247743	1.248729	1.250334	1.251239	1.252892	1.253866	1.254454	1.254674	1.255605	1.256862
2011-06-02	1.256934	1.256934	1.227341	1.229014	4.24109	SELL	-41.59	1.242997	1.243384	1.242607	1.241979	1.240919	1.24052	1.241855	1.243931	1.245139	1.245396	1.246182	1.247213	1.248811	1.249757	1.2514	1.252404	1.253041	1.253324	1.254276
2011-06-03	1.228961	1.235931	1.217139	1.224855	3.76217	SELL	-97.29	1.226935	1.236949	1.238752	1.239056	1.239125	1.238624	1.238562	1.239967	1.242023	1.243295	1.243684	1.244542	1.245616	1.247214	1.248201	1.249838	1.250873	1.251557	1.2519
2011-06-06	1.224787	1.224787	1.206196	1.215126	3.50503	SELL	-61.3	1.219991	1.222998	1.231494	1.234026	1.235068	1.235696	1.235687	1.235958	1.237482	1.239578	1.240948	1.241487	1.242441	1.243583	1.245209	1.246255	1.24791	1.248992	1.249736
2011-06-07	1.215119	1.220144	1.204576	1.208996	3.55598	SELL	-19.15	1.212061	1.216326	1.219498	1.226994	1.229855	1.231343	1.232359	1.232721	1.233262	1.234893	1.237029	1.23849	1.239166	1.240211	1.241421	1.243078	1.244185	1.245862	1.246992
2011-06-08	1.209018	1.221446	1.205564	1.207081	3.84625	SELL	-21.87	1.208039	1.210401	1.214015	1.217014	1.223675	1.226601	1.228311	1.22955	1.230157	1.230882	1.232575	1.234726	1.236247	1.237027	1.23814	1.239401	1.241079	1.242232	1.243923
2011-06-09	1.20665	1.214521	1.198128	1.204894	3.97081	BUY	75.42	1.205988	1.20699	1.209024	1.21219	1.214994	1.220992	1.223888	1.225709	1.227085	1.227861	1.228716	1.230446	1.232595	1.234156	1.235019	1.236185	1.237484	1.239174	1.240366
2011-06-10	1.204947	1.220549	1.203849	1.212436	3.33251	SELL	-172.45	1.208665	1.208137	1.208352	1.209707	1.212231	1.214629	1.219923	1.222615	1.224382	1.225753	1.226575	1.227464	1.229159	1.231251	1.232799	1.233691	1.234865	1.236166	1.237837
2011-06-13	1.212417	1.212417	1.191203	1.195191	3.84625	BUY	1.06	1.203813	1.204174	1.204901	1.20572	1.207287	1.209797	1.212199	1.217175	1.219873	1.221728	1.223206	1.224161	1.225158	1.226895	1.228997	1.230587	1.231552	1.232777	1.234117
2011-06-14	1.194533	1.206646	1.188315	1.195297	4.13252	BUY	123.14	1.195244	1.200975	1.201954	1.20298	1.203983	1.205574	1.207985	1.210321	1.214987	1.217639	1.219525	1.221059	1.222099	1.223168	1.22492	1.227015	1.228626	1.229644	1.230903
2011-06-15	1.195138	1.215652	1.195138	1.207611	3.50028	SELL	-178.84	1.201454	1.199366	1.202634	1.203086	1.203752	1.204501	1.205829	1.207943	1.21005	1.214316	1.216803	1.218609	1.220099	1.221133	1.222195	1.223902	1.225937	1.22752	1.228542
2011-06-16	1.20752	1.20752	1.184187	1.189727	4.0705	BUY	64.25	1.198669	1.197545	1.196957	1.200052	1.200859	1.201748	1.202654	1.20404	1.206121	1.208203	1.212267	1.21472	1.216546	1.218074	1.219171	1.220286	1.222003	1.224031	1.22563
2011-06-17	1.189613	1.202339	1.182196	1.196152	3.84625	BUY	42.84	1.19294	1.19783	1.197197	1.196796	1.199402	1.200187	1.201049	1.201932	1.203251	1.205215	1.207198	1.211028	1.213394	1.215186	1.216704	1.217816	1.218945	1.220643	1.222637
2011-06-20	1.196258	1.210911	1.195255	1.200436	4.91646	BUY	76.02	1.198294	1.195438	1.198482	1.197845	1.197402	1.19955	1.200218	1.200981	1.201782	1.202995	1.204817	1.206678	1.210271	1.21253	1.214264	1.215747	1.216851	1.217971	1.219632
2011-06-21	1.200428	1.212954	1.194207	1.208038	3.46466	BUY	109.63	1.204237	1.201542	1.198588	1.200393	1.199544	1.198922	1.200611	1.201087	1.201686	1.202351	1.203415	1.205065	1.206775	1.210122	1.212249	1.213898	1.215319	1.216387	1.217474
2011-06-22	1.208133	1.224897	1.205946	1.219001	4.05615	SELL	-80.34	1.213519	1.209158	1.205907	1.202671	1.203494	1.202323	1.201432	1.202654	1.202878	1.20326	1.203738	1.204614	1.20606	1.20759	1.210677	1.212647	1.214182	1.215512	1.216518
2011-06-23	1.218963	1.224231	1.208243	1.210967	3.71842	SELL	-59.67	1.214984	1.212669	1.209611	1.206919	1.204054	1.204562	1.203404	1.202491	1.203486	1.203614	1.203903	1.204294	1.205068	1.206387	1.207801	1.210694	1.212553	1.214012	1.215285
2011-06-24	1.21085	1.21085	1.184119	1.205	4.98345	SELL	-115.42	1.207984	1.211656	1.210752	1.208688	1.206599	1.204189	1.204617	1.203581	1.202742	1.203623	1.203729	1.203987	1.204345	1.205064	1.2063	1.207637	1.210378	1.212156	1.213562
2011-06-27	1.204924	1.208265	1.189295	1.193458	3.66534	BUY	108.98	1.199229	1.203142	1.207106	1.207293	1.20615	1.204722	1.202847	1.203377	1.202569	1.201898	1.202776	1.202939	1.203235	1.203619	1.204338	1.205545	1.206849	1.209487	1.211221
2011-06-28	1.193473	1.21135	1.190771	1.204356	3.47907	BUY	145.13	1.198907	1.200938	1.203445	1.206556	1.206803	1.205894	1.204676	1.203015	1.203475	1.202731	1.202103	1.202898	1.20304	1.20331	1.203665	1.204339	1.205479	1.206718	1.209231
2011-06-29	1.204228	1.222589	1.204228	1.218869	3.6815	BUY	72.73	1.211613	1.205561	1.205421	1.20653	1.208608	1.208527	1.207516	1.206253	1.2046	1.204874	1.204076	1.203393	1.204039	1.204096	1.204282	1.204559	1.205146	1.206184	1.207325
2011-06-30	1.218763	1.231103	1.214888	1.226142	4.34754	BUY	152.92	1.222506	1.216456	1.210706	1.209565	1.209799	1.211113	1.210729	1.209585	1.208242	1.206559	1.206646	1.205773	1.205018	1.205512	1.205473	1.205568	1.205758	1.206251	1.207182
2011-07-01	1.22621	1.246463	1.22621	1.241434	4.2005	BUY	168.43	1.233788	1.228815	1.2227	1.216852	1.214877	1.214318	1.214903	1.214141	1.21277	1.211259	1.209465	1.209322	1.208321	1.207445	1.207757	1.207589	1.207561	1.207636	1.208011
2011-07-05	1.241207	1.261456	1.237555	1.258277	3.79693	SELL	-12.9	1.249856	1.241951	1.236181	1.229816	1.223756	1.221077	1.219813	1.219723	1.218554	1.216907	1.215178	1.21322	1.212819	1.211651	1.210622	1.210729	1.210405	1.21023	1.210168
2011-07-06	1.2583	1.26429	1.25041	1.256987	3.72232	BUY	56.15	1.257632	1.252233	1.24571	1.240342	1.234344	1.228503	1.225565	1.223943	1.223449	1.222048	1.220247	1.218394	1.216346	1.215764	1.214485	1.21335	1.213299	1.212856	1.212568
2011-07-07	1.256247	1.266803	1.250784	1.262602	3.56419	BUY	93.47	1.259795	1.259289	1.254825	1.249088	1.244052	1.238381	1.232766	1.229681	1.227809	1.227008	1.225428	1.223505	1.221551	1.21943	1.218691	1.217315	1.216086	1.215894	1.215344
2011-07-08	1.262837	1.275389	1.262837	1.271949	4.06953	SELL	-62.29	1.267276	1.263846	1.262454	1.25825	1.252899	1.248037	1.242577	1.237119	1.233907	1.231822	1.230753	1.229006	1.226965	1.224911	1.222712	1.221824	1.22035	1.219026	1.218696
2011-07-11	1.27179	1.27179	1.254133	1.26572	3.59436	SELL	-151.44	1.268835	1.266757	1.264315	1.263107	1.259495	1.25473	1.250248	1.245148	1.239979	1.236799	1.234647	1.233443	1.231629	1.229549	1.227462	1.225242	1.224263	1.222738	1.221361
2011-07-12	1.265577	1.265577	1.24434	1.250576	3.87913	SELL	-58.88	1.258148	1.262748	1.262712	1.261567	1.261019	1.258221	1.254211	1.250284	1.245691	1.240943	1.237948	1.235872	1.234667	1.232892	1.230863	1.228821	1.22665	1.225647	1.22413
2011-07-13	1.250546	1.260377	1.242327	1.244688	4.22789	BUY	44.73	1.247632	1.253661	1.258233	1.259107	1.258754	1.258686	1.256529	1.253153	1.249724	1.2456	1.241255	1.238466	1.236502	1.235335	1.233629	1.231676	1.229703	1.227599	1.2266
2011-07-14	1.244733	1.263552	1.244733	1.249161	4.06008	SELL	-54.49	1.246925	1.248142	1.252536	1.256419	1.257449	1.257383	1.257495	1.25571	1.252754	1.249673	1.245897	1.241863	1.23923	1.237346	1.236199	1.234543	1.232648	1.230727	1.228677
2011-07-15	1.249267	1.26023	1.239894	1.243712	4.35857	BUY	42.61	1.246437	1.245854	1.247034	1.250771	1.254301	1.255487	1.255674	1.255964	1.254511	1.251932	1.249176	1.245729	1.241995	1.239529	1.237744	1.236641	1.235052	1.23323	1.231376
2011-07-18	1.24378	1.253921	1.237475	1.247973	4.24276	SELL	-94.57	1.245843	1.246949	1.246383	1.247222	1.250305	1.253397	1.254548	1.254819	1.255165	1.253916	1.251602	1.249084	1.245889	1.242394	1.240056	1.238345	1.237271	1.235732	1.233967
2011-07-19	1.247511	1.247511	1.227659	1.238516	4.11816	BUY	202.26	1.243244	1.2434	1.244841	1.24481	1.245771	1.248621	1.251537	1.252766	1.253188	1.253651	1.252633	1.250595	1.248329	1.245397	1.242151	1.239966	1.238355	1.237336	1.235871
2011-07-20	1.238596	1.263662	1.238596	1.258742	4.3046	SELL	-15.51	1.248629	1.24841	1.247236	1.247621	1.247132	1.247624	1.249886	1.252337	1.253364	1.253693	1.254075	1.253103	1.251177	1.249023	1.246232	1.243127	1.241009	1.239428	1.238407
2011-07-21	1.258375	1.265437	1.24994	1.257191	3.76742	BUY	152.5	1.257967	1.251483	1.250605	1.249227	1.249216	1.248569	1.24882	1.250698	1.252823	1.253712	1.253985	1.254315	1.253395	1.251578	1.249534	1.246876	1.243908	1.241861	1.240316
2011-07-22	1.256714	1.2794	1.256714	1.272441	4.83743	SELL	-43.25	1.264816	1.262791	1.256723	1.254973	1.253096	1.252534	1.251553	1.251444	1.252872	1.254606	1.255273	1.255404	1.25561	1.254665	1.252882	1.250881	1.248296	1.24541	1.24339
2011-07-25	1.272471	1.276831	1.260559	1.268116	3.52283	SELL	-88.36	1.270278	1.265916	1.264123	1.259001	1.257163	1.255242	1.254481	1.253393	1.253112	1.254258	1.255732	1.256261	1.256312	1.256443	1.255505	1.253778	1.251839	1.24934	1.246545
2011-07-26	1.267972	1.268297	1.250958	1.25928	3.53689	SELL	-91.5	1.263698	1.266612	1.264257	1.263154	1.259048	1.257466	1.255746	1.255015	1.253982	1.253672	1.254676	1.256005	1.256476	1.25651	1.256621	1.255727	1.254084	1.25223	1.249837
2011-07-27	1.259212	1.261811	1.245725	1.25013	4.00705	SELL	-198.75	1.254705	1.259175	1.262492	1.261432	1.260983	1.257774	1.256549	1.255122	1.254526	1.253632	1.253377	1.254327	1.255585	1.256053	1.256112	1.256239	1.255416	1.253876	1.252125
2011-07-28	1.249865	1.249948	1.227538	1.230255	3.47904	SELL	-62.44	1.240193	1.246555	1.251945	1.256044	1.256235	1.256594	1.254334	1.253627	1.252636	1.25232	1.251684	1.251599	1.252607	1.253897	1.254441	1.254591	1.254795	1.254092	1.252695
2011-07-29	1.230195	1.241248	1.220099	1.224011	4.9518	SELL	-96.87	1.227133	1.234799	1.240919	1.246358	1.250706	1.251632	1.252521	1.250965	1.250665	1.250033	1.249961	1.249555	1.249628	1.250701	1.252029	1.252651	1.252892	1.253175	1.252588
2011-08-01	1.223928	1.226274	1.204421	1.214324	5.06119	SELL	-10.75	1.219168	1.222863	1.22968	1.2356	1.241019	1.245508	1.246968	1.248277	1.247301	1.247362	1.247058	1.247219	1.247039	1.247274	1.248427	1.249811	1.250522	1.250862	1.251233
2011-08-02	1.21443	1.232094	1.197855	1.213249	4.96739	SELL	-265.87	1.213786	1.217195	1.22046	1.226394	1.231875	1.237052	1.241476	1.243222	1.244774	1.244205	1.244519	1.244457	1.244793	1.244786	1.245148	1.246358	1.24778	1.24856	1.248981
2011-08-03	1.213022	1.215296	1.185791	1.186662	5.20629	BUY	29.82	1.199956	1.204745	1.209562	1.2137	1.219772	1.225416	1.230753	1.235385	1.237566	1.239491	1.23941	1.240068	1.240329	1.240918	1.241153	1.241707	1.243042	1.244563	1.245465
2011-08-04	1.186389	1.195763	1.167869	1.189644	6.44694	SELL	-512.76	1.188153	1.196518	1.20097	1.205578	1.209691	1.215468	1.220944	1.226186	1.230811	1.233209	1.235337	1.235582	1.236467	1.23695	1.237713	1.238123	1.238815	1.240231	1.241817
2011-08-05	1.189379	1.189379	1.136574	1.138368	4.26653	BUY	60.93	1.164006	1.171558	1.181981	1.188449	1.194376	1.199502	1.20583	1.211769	1.217404	1.222407	1.225306	1.227878	1.228638	1.229927	1.230788	1.231869	1.232581	1.233528	1.235138
2011-08-08	1.138429	1.163404	1.112632	1.144461	5.45459	SELL	-634.76	1.141415	1.157491	1.164784	1.174477	1.181118	1.187246	1.192622	1.199012	1.205038	1.210773	1.215912	1.219087	1.22192	1.223026	1.224585	1.22571	1.227013	1.227943	1.229075
2011-08-09	1.143393	1.143393	1.077905	1.080985	2.61515	BUY	429.92	1.112723	1.121271	1.138365	1.148024	1.158895	1.166813	1.173963	1.180218	1.187209	1.193761	1.199957	1.205533	1.209223	1.212524	1.214148	1.216138	1.21767	1.219327	1.220595
2011-08-10	1.081091	1.125108	1.058855	1.123977	2.36666	SELL	-519.83	1.102481	1.116474	1.121948	1.135487	1.144016	1.153907	1.161459	1.168409	1.174594	1.181461	1.187945	1.194112	1.199707	1.20354	1.20699	1.208844	1.211018	1.212739	1.21456
2011-08-11	1.122792	1.122792	1.066204	1.071994	5.01807	BUY	423.37	1.097986	1.092319	1.105354	1.111957	1.124905	1.133727	1.143668	1.151518	1.158768	1.165266	1.172338	1.179026	1.18539	1.191193	1.195318	1.199049	1.201241	1.203701	1.205702
2011-08-12	1.072985	1.128639	1.072985	1.114331	3.68505	BUY	125.71	1.093163	1.103434	1.097822	1.10715	1.112353	1.123394	1.131303	1.140408	1.1478	1.154728	1.161022	1.167876	1.174405	1.180652	1.186389	1.190554	1.194342	1.196667	1.199232
2011-08-15	1.114339	1.140283	1.111629	1.126902	5.64038	BUY	213.88	1.120617	1.104409	1.109301	1.103638	1.110442	1.114431	1.123833	1.130814	1.139057	1.1459	1.152409	1.158397	1.16495	1.171238	1.177293	1.18289	1.187018	1.190793	1.193179
2011-08-16	1.126993	1.152173	1.126993	1.14829	4.27285	SELL	-76.97	1.137596	1.129841	1.115379	1.117099	1.11108	1.115849	1.118664	1.12655	1.132561	1.139897	1.146099	1.152092	1.157675	1.163839	1.169804	1.175587	1.180968	1.18498	1.188668
2011-08-17	1.147912	1.147912	1.127969	1.140593	5.0716	BUY	4.28	1.144442	1.138595	1.132529	1.120422	1.121015	1.115296	1.118942	1.1211	1.127955	1.133292	1.139955	1.145675	1.151271	1.156536	1.162386	1.168086	1.173643	1.178843	1.18276
2011-08-18	1.139201	1.155037	1.130618	1.141021	4.38834	SELL	-419.63	1.140807	1.143301	1.139202	1.134227	1.123855	1.123873	1.118512	1.121395	1.123092	1.129142	1.133936	1.140037	1.145343	1.150587	1.155567	1.161129	1.166582	1.171926	1.176952
2011-08-19	1.140627	1.140627	1.083059	1.099058	3.23481	SELL	-172.93	1.12004	1.126891	1.132241	1.131173	1.128366	1.120313	1.120771	1.11635	1.119161	1.120907	1.126635	1.131253	1.13711	1.142257	1.147367	1.152243	1.157681	1.163028	1.168283
2011-08-22	1.09896	1.109926	1.074983	1.081765	5.16756	BUY	37.0	1.090412	1.107281	1.115609	1.122145	1.122938	1.121709	1.115494	1.116437	1.112892	1.115762	1.117645	1.123184	1.127718	1.13342	1.138477	1.143508	1.148327	1.153685	1.158965
2011-08-23	1.082037	1.107504	1.080009	1.085465	5.43626	BUY	322.11	1.083615	1.088763	1.101827	1.10958	1.116032	1.117585	1.117178	1.112158	1.11334	1.110398	1.113237	1.11517	1.12049	1.124901	1.130423	1.135358	1.140283	1.145019	1.150274
2011-08-24	1.085458	1.118914	1.083793	1.117676	5.01317	BUY	143.95	1.10157	1.094969	1.095991	1.104997	1.11093	1.116267	1.117596	1.117233	1.11271	1.113734	1.111005	1.113578	1.115349	1.120302	1.12445	1.129673	1.134376	1.139093	1.143652
2011-08-25	1.11757	1.134554	1.107856	1.132071	5.31531	SELL	-170.89	1.124874	1.111737	1.104244	1.103207	1.109509	1.11395	1.118242	1.119205	1.118717	1.11447	1.115262	1.112625	1.114899	1.116464	1.121038	1.124898	1.129806	1.134255	1.138742
2011-08-26	1.132102	1.143787	1.108341	1.114982	5.74842	BUY	134.72	1.123527	1.121576	1.112549	1.106392	1.10517	1.110291	1.114079	1.11788	1.118782	1.118378	1.114512	1.11524	1.112794	1.114905	1.116371	1.120681	1.124347	1.129026	1.133291
2011-08-29	1.11452	1.13475	1.092285	1.128454	5.03532	BUY	254.71	1.121718	1.125169	1.123296	1.11573	1.110069	1.108496	1.112562	1.115676	1.118938	1.119662	1.119217	1.115585	1.116184	1.113838	1.115752	1.117082	1.121113	1.124563	1.128997
2011-08-30	1.128658	1.156808	1.128658	1.153925	4.22807	BUY	20.7	1.14119	1.132454	1.132358	1.129422	1.122096	1.116334	1.114174	1.117157	1.119501	1.122118	1.122517	1.121887	1.118323	1.1187	1.116343	1.117997	1.119129	1.12284	1.126031
2011-08-31	1.153206	1.164134	1.140987	1.155995	4.57257	BUY	53.58	1.15496	1.146125	1.138339	1.137085	1.133851	1.126938	1.121292	1.118821	1.121041	1.122819	1.124941	1.125092	1.124323	1.120835	1.121031	1.118676	1.120108	1.121069	1.124498
2011-09-01	1.156055	1.173939	1.151212	1.161353	5.26784	SELL	-119.96	1.158674	1.157091	1.149932	1.142942	1.14113	1.137779	1.13124	1.125743	1.123074	1.124706	1.12603	1.127742	1.127682	1.126792	1.123367	1.123403	1.121047	1.122279	1.123083
2011-09-02	1.16133	1.173311	1.147102	1.149357	4.78041	SELL	-253.31	1.155355	1.155568	1.155158	1.149817	1.144011	1.142305	1.139227	1.133253	1.128104	1.125464	1.12676	1.127824	1.129286	1.129127	1.128202	1.124896	1.124845	1.122537	1.123633
2011-09-06	1.149206	1.149206	1.118066	1.124026	4.40174	SELL	-100.96	1.136692	1.144912	1.147683	1.148931	1.145518	1.141156	1.14002	1.137538	1.13233	1.127734	1.125344	1.12655	1.127553	1.128935	1.128808	1.127957	1.124848	1.124802	1.122611
2011-09-07	1.123723	1.123723	1.089011	1.11393	5.10398	BUY	275.56	1.118978	1.129104	1.137167	1.140932	1.143098	1.141006	1.137753	1.137121	1.135177	1.130658	1.126583	1.124466	1.125648	1.126645	1.127998	1.127933	1.127177	1.124273	1.124258
2011-09-08	1.113801	1.143288	1.113801	1.141486	4.44104	SELL	-119.05	1.127708	1.126481	1.1322	1.13803	1.141025	1.142867	1.141066	1.138168	1.137558	1.13575	1.13156	1.12773	1.125682	1.126704	1.127572	1.128791	1.128686	1.127931	1.125134
2011-09-09	1.141464	1.15044	1.124359	1.129581	4.46517	SELL	-303.68	1.135534	1.128332	1.127256	1.131676	1.136622	1.13939	1.141207	1.13979	1.137309	1.136833	1.135236	1.131408	1.127862	1.125942	1.126884	1.12769	1.128835	1.128733	1.128013
2011-09-12	1.129453	1.129453	1.091921	1.099213	4.58637	BUY	68.99	1.114397	1.123427	1.121053	1.121647	1.126266	1.131278	1.134368	1.136541	1.135732	1.133846	1.133698	1.132465	1.129108	1.125952	1.124271	1.125256	1.126108	1.127276	1.127257
2011-09-13	1.099001	1.108208	1.078987	1.106112	5.16855	BUY	44.73	1.102663	1.111635	1.119098	1.118064	1.119058	1.123386	1.128132	1.131228	1.133498	1.133039	1.131535	1.131576	1.130583	1.127575	1.124712	1.123203	1.124193	1.125056	1.126218
2011-09-14	1.105499	1.117616	1.096099	1.110585	4.68137	BUY	140.88	1.108349	1.105303	1.111373	1.117395	1.116818	1.117848	1.121786	1.126183	1.129164	1.131415	1.131168	1.129923	1.130076	1.12925	1.126513	1.123881	1.122502	1.123477	1.124332
2011-09-15	1.110683	1.139375	1.098657	1.124673	4.98674	BUY	186.45	1.117629	1.11379	1.110146	1.114033	1.118608	1.11794	1.118701	1.122107	1.126032	1.128756	1.130853	1.130668	1.129548	1.129716	1.128964	1.126405	1.123925	1.122616	1.123536
2011-09-16	1.124764	1.146073	1.124764	1.143318	4.47973	BUY	75.91	1.133996	1.126192	1.121172	1.11678	1.118914	1.122138	1.121112	1.121436	1.124228	1.127603	1.129969	1.131812	1.131572	1.130466	1.130566	1.129808	1.127345	1.124946	1.123651
2011-09-19	1.143348	1.158216	1.138179	1.150909	5.24889	SELL	-108.08	1.147114	1.139633	1.132371	1.127119	1.122468	1.123484	1.125735	1.124423	1.124383	1.126654	1.129545	1.13158	1.133176	1.132861	1.131744	1.131763	1.13098	1.128585	1.126244
2011-09-20	1.150667	1.150667	1.122895	1.140101	4.25419	BUY	7.65	1.145505	1.144776	1.13975	1.133917	1.129283	1.124987	1.125561	1.127331	1.125991	1.125812	1.127774	1.130357	1.132189	1.133638	1.133314	1.132235	1.132226	1.13146	1.129161
2011-09-21	1.140139	1.158133	1.134024	1.140866	4.31561	SELL	-283.82	1.140484	1.143959	1.143799	1.139973	1.135075	1.130938	1.126972	1.127262	1.128684	1.127343	1.127067	1.128781	1.131108	1.132767	1.134089	1.133758	1.132715	1.132681	1.131931
2011-09-22	1.140858	1.150977	1.110252	1.112484	4.72855	SELL	-391.01	1.126675	1.13115	1.13609	1.137536	1.135392	1.131848	1.128631	1.125362	1.125784	1.127212	1.126105	1.125945	1.127617	1.129866	1.131499	1.132818	1.132576	1.13165	1.131671
2011-09-23	1.112189	1.112189	1.05722	1.073383	6.70314	BUY	37.65	1.092934	1.108911	1.116708	1.123549	1.126844	1.126533	1.12454	1.122492	1.120164	1.12102	1.122726	1.122049	1.12219	1.124002	1.126336	1.128081	1.129517	1.129461	1.128737
2011-09-26	1.073277	1.084455	1.059385	1.077148	5.63993	BUY	272.38	1.075266	1.087672	1.10097	1.108796	1.115815	1.119744	1.12036	1.119274	1.117958	1.116254	1.117364	1.11922	1.118842	1.119188	1.121073	1.123443	1.125251	1.12676	1.126845
2011-09-27	1.077186	1.10674	1.07504	1.104386	4.76283	BUY	146.83	1.090767	1.084972	1.09185	1.101653	1.108061	1.114182	1.117824	1.118585	1.117785	1.116724	1.115265	1.116366	1.11816	1.117878	1.118263	1.120092	1.122384	1.124153	1.125642
2011-09-28	1.104538	1.139821	1.104538	1.119069	5.54813	SELL	-179.79	1.111728	1.100201	1.093497	1.097294	1.104556	1.109634	1.114793	1.117963	1.118634	1.117902	1.116919	1.115557	1.116559	1.118221	1.117953	1.11831	1.120035	1.122209	1.123899
2011-09-29	1.11891	1.134489	1.099058	1.10109	4.78792	BUY	143.08	1.11008	1.108182	1.100423	1.095015	1.097927	1.104061	1.108566	1.113271	1.116275	1.117039	1.116501	1.115702	1.114524	1.115528	1.11715	1.116961	1.117353	1.119038	1.121154
2011-09-30	1.101279	1.128874	1.095543	1.115398	5.28574	SELL	-240.6	1.108244	1.111852	1.109986	1.103418	1.098412	1.100423	1.105478	1.109325	1.113483	1.116196	1.116902	1.116416	1.11568	1.114582	1.11552	1.117047	1.116874	1.11725	1.118856
2011-10-03	1.115232	1.117336	1.089227	1.091338	4.41679	SELL	-258.08	1.103368	1.102609	1.106724	1.106256	1.101405	1.097402	1.099287	1.103907	1.107526	1.11147	1.114124	1.114936	1.114625	1.114057	1.11313	1.114097	1.115619	1.11553	1.115955
2011-10-04	1.091202	1.100806	1.064055	1.06553	5.67034	BUY	153.41	1.078434	1.090755	1.093339	1.098485	1.099469	1.09628	1.093418	1.095536	1.100069	1.103708	1.107642	1.110386	1.111407	1.111352	1.111024	1.11033	1.111399	1.112983	1.11303
2011-10-05	1.065031	1.083293	1.036226	1.080871	3.71467	BUY	131.24	1.073201	1.079246	1.088284	1.090845	1.095549	1.096812	1.094354	1.092024	1.09407	1.098324	1.101805	1.105583	1.108278	1.109371	1.109447	1.109251	1.108693	1.109792	1.111377
2011-10-06	1.080039	1.098782	1.068255	1.093995	2.51062	BUY	183.38	1.087433	1.080132	1.082934	1.089426	1.09137	1.095327	1.09646	1.094314	1.092221	1.094063	1.097963	1.101205	1.104755	1.107326	1.10841	1.108538	1.108403	1.107919	1.109002
2011-10-07	1.094003	1.114702	1.083407	1.112333	5.09833	SELL	-20.21	1.103164	1.095733	1.088182	1.088813	1.093244	1.094365	1.097453	1.098223	1.096116	1.094049	1.095585	1.099069	1.101999	1.10526	1.107639	1.108641	1.108749	1.10861	1.10814
2011-10-10	1.112341	1.128268	1.102593	1.110312	5.58038	BUY	330.06	1.111323	1.105547	1.099378	1.092608	1.092397	1.095682	1.096358	1.098882	1.099432	1.097406	1.095404	1.096718	1.099872	1.102554	1.105576	1.107796	1.108734	1.108831	1.108695
2011-10-11	1.110464	1.14485	1.110464	1.143318	4.4468	SELL	-16.88	1.126815	1.121988	1.11499	1.108166	1.10106	1.099671	1.101637	1.101576	1.103325	1.103422	1.101232	1.09909	1.100047	1.102768	1.105101	1.107796	1.109769	1.110554	1.110555
2011-10-12	1.143257	1.149145	1.131269	1.14163	4.4245	BUY	102.55	1.142474	1.131753	1.126898	1.120318	1.113743	1.106856	1.104916	1.106081	1.105582	1.106808	1.106606	1.10434	1.102129	1.102819	1.105197	1.10725	1.109676	1.111446	1.112108
2011-10-13	1.141728	1.16474	1.141728	1.151885	5.35536	SELL	-40.72	1.146758	1.145611	1.136786	1.131896	1.125579	1.119192	1.112484	1.110135	1.110661	1.109791	1.110564	1.110089	1.107736	1.105446	1.105886	1.107943	1.10973	1.111897	1.113468
2011-10-14	1.151809	1.154526	1.13388	1.147813	4.43627	BUY	166.36	1.149849	1.147109	1.146162	1.138992	1.134549	1.128755	1.12277	1.11641	1.113903	1.114038	1.112959	1.113429	1.112783	1.110408	1.108094	1.108352	1.110158	1.111734	1.113693
2011-10-17	1.147904	1.168157	1.147904	1.164449	4.11669	SELL	-247.49	1.156131	1.154716	1.151444	1.149819	1.143235	1.13882	1.133217	1.127401	1.121214	1.118498	1.118239	1.11692	1.117074	1.116228	1.113785	1.111409	1.111468	1.113016	1.11437
2011-10-18	1.164335	1.164335	1.136673	1.1397	4.3007	BUY	180.05	1.152075	1.150654	1.150962	1.149095	1.148133	1.14273	1.13893	1.133937	1.128631	1.122894	1.120265	1.11989	1.118547	1.118582	1.117695	1.11531	1.11298	1.112954	1.11435
2011-10-19	1.139617	1.166545	1.139617	1.157705	4.84017	SELL	-72.43	1.148703	1.153951	1.152417	1.15231	1.15053	1.1495	1.144602	1.141016	1.136314	1.131274	1.125795	1.123145	1.122591	1.121158	1.121027	1.120048	1.117665	1.115334	1.115192
2011-10-20	1.157762	1.169614	1.142796	1.150462	4.84639	BUY	37.16	1.154084	1.149289	1.153079	1.152026	1.152002	1.150521	1.14962	1.145253	1.141961	1.1376	1.132873	1.127693	1.125096	1.124449	1.122989	1.122759	1.121738	1.119391	1.117091
2011-10-21	1.150213	1.162329	1.137816	1.154178	4.87029	BUY	267.01	1.15232	1.154115	1.150511	1.153299	1.152385	1.152313	1.150978	1.150127	1.146145	1.143071	1.138982	1.134512	1.129584	1.127035	1.126307	1.124824	1.124504	1.123445	1.121131
2011-10-24	1.154322	1.184104	1.162061	1.180879	4.98077	BUY	104.83	1.167529	1.16184	1.160806	1.156585	1.157896	1.156455	1.155884	1.1543	1.153202	1.149303	1.146222	1.142205	1.137824	1.133004	1.1304	1.129517	1.127938	1.127471	1.126317
2011-10-25	1.180796	1.198536	1.1775	1.191362	4.30938	SELL	-207.0	1.186121	1.175473	1.16922	1.166917	1.162381	1.162676	1.160819	1.159826	1.158006	1.156671	1.152808	1.149694	1.145716	1.141393	1.136651	1.133986	1.132953	1.131276	1.130666
2011-10-26	1.191271	1.192584	1.166409	1.170662	4.47397	BUY	162.42	1.181012	1.180968	1.17427	1.169509	1.167541	1.163564	1.163675	1.161912	1.16091	1.159157	1.157837	1.154181	1.151192	1.147379	1.143222	1.138652	1.136023	1.134938	1.133246
2011-10-27	1.170783	1.193723	1.16765	1.186904	4.87353	BUY	339.51	1.178783	1.182976	1.182452	1.176797	1.172408	1.170307	1.166482	1.166256	1.164411	1.163273	1.161469	1.160073	1.156519	1.153573	1.149849	1.145792	1.141333	1.138701	1.137536
2011-10-28	1.187214	1.229903	1.187214	1.220855	6.36761	BUY	22.56	1.20388	1.192807	1.192446	1.190132	1.18414	1.179329	1.176626	1.172523	1.171716	1.169543	1.168071	1.166037	1.164414	1.160808	1.157778	1.154026	1.149962	1.145518	1.142809
2011-10-31	1.220742	1.230316	1.209666	1.223111	4.53669	SELL	-276.1	1.221983	1.21029	1.200383	1.198579	1.195629	1.189707	1.184802	1.181791	1.177582	1.176388	1.174007	1.172305	1.170114	1.168328	1.164702	1.161621	1.157864	1.153812	1.149398
2011-11-01	1.222922	1.222929	1.19434	1.195501	4.31021	SELL	-297.05	1.209306	1.213156	1.206593	1.199407	1.198066	1.195611	1.190432	1.18599	1.183162	1.179211	1.177981	1.17566	1.173962	1.171806	1.170026	1.166513	1.163503	1.159845	1.155896
2011-11-02	1.195161	1.195161	1.15626	1.165796	5.64554	BUY	178.08	1.180649	1.194803	1.201316	1.198433	1.193805	1.193456	1.191884	1.187694	1.183971	1.181583	1.178093	1.177043	1.174955	1.173417	1.171431	1.169777	1.166473	1.163624	1.160142
2011-11-03	1.165856	1.191195	1.165856	1.183604	4.11053	BUY	208.43	1.1747	1.181634	1.192003	1.197773	1.195962	1.192348	1.192224	1.190964	1.187285	1.183938	1.181752	1.178517	1.177512	1.175532	1.174054	1.172147	1.170545	1.167375	1.164623
2011-11-04	1.183559	1.207842	1.182843	1.204447	4.84914	SELL	-61.23	1.194026	1.184616	1.187337	1.194492	1.198886	1.197174	1.19386	1.193582	1.192312	1.188845	1.185647	1.183497	1.180369	1.179308	1.177339	1.175842	1.173941	1.17233	1.169229
2011-11-07	1.204341	1.204341	1.183343	1.198324	3.83065	BUY	85.15	1.201386	1.195458	1.188043	1.189534	1.195131	1.198805	1.197318	1.194356	1.194057	1.192859	1.189635	1.186622	1.184556	1.181566	1.180496	1.178574	1.177091	1.175225	1.173629
2011-11-08	1.198294	1.210551	1.186673	1.206839	3.42974	BUY	101.79	1.202582	1.203203	1.198304	1.191802	1.192419	1.196803	1.19981	1.198376	1.195604	1.195219	1.194024	1.190959	1.188066	1.186042	1.183146	1.182046	1.180144	1.178657	1.176805
2011-11-09	1.205552	1.220348	1.198253	1.217018	3.90849	SELL	-389.24	1.211929	1.207394	1.206657	1.202046	1.196005	1.195933	1.19933	1.201722	1.20024	1.197551	1.197035	1.195792	1.19282	1.189996	1.187978	1.185138	1.183989	1.182085	1.180575
2011-11-10	1.216632	1.216632	1.172688	1.178094	4.65974	BUY	112.85	1.197556	1.20065	1.200069	1.200944	1.198054	1.193446	1.193703	1.19697	1.199359	1.198227	1.19593	1.195578	1.194528	1.191838	1.189252	1.187397	1.184747	1.183678	1.181885
2011-11-11	1.177996	1.198411	1.177663	1.189379	4.00276	BUY	259.89	1.183737	1.19483	1.197832	1.197931	1.199017	1.196815	1.192938	1.193222	1.196211	1.198452	1.197489	1.195426	1.195135	1.194185	1.191685	1.18926	1.187507	1.184991	1.183963
2011-11-14	1.189765	1.221207	1.189765	1.215368	3.35785	SELL	-74.7	1.202374	1.19428	1.199965	1.20134	1.200837	1.201353	1.199134	1.19543	1.195437	1.197953	1.199861	1.198865	1.19685	1.196484	1.195509	1.193078	1.19071	1.188973	1.186509
2011-11-15	1.2153	1.219266	1.201306	1.207898	3.21968	BUY	17.18	1.211633	1.204215	1.197685	1.201551	1.202433	1.201846	1.202171	1.200108	1.196677	1.19657	1.198782	1.20048	1.19951	1.197587	1.197198	1.196238	1.193901	1.191615	1.189919
2011-11-16	1.207785	1.220602	1.195978	1.209616	3.5993	SELL	-190.57	1.208757	1.210961	1.205565	1.200071	1.202896	1.203459	1.202817	1.202998	1.201059	1.197853	1.197657	1.199615	1.201132	1.200184	1.198339	1.197928	1.196981	1.194728	1.192515
2011-11-17	1.208474	1.212201	1.187275	1.190559	4.08501	SELL	-134.86	1.200088	1.202691	1.20586	1.202564	1.198486	1.201133	1.201846	1.201455	1.201754	1.200104	1.197245	1.197111	1.198968	1.200427	1.199582	1.197881	1.197519	1.196643	1.19452
2011-11-18	1.190567	1.19759	1.165943	1.177073	4.59645	BUY	25.43	1.183816	1.192416	1.196286	1.200103	1.198315	1.195427	1.198126	1.199094	1.199017	1.19951	1.198185	1.195693	1.19568	1.197508	1.198968	1.198258	1.196725	1.196443	1.195664
2011-11-21	1.176936	1.189197	1.170734	1.179616	3.82761	SELL	-248.85	1.178345	1.182416	1.189216	1.192952	1.196688	1.195644	1.19345	1.196069	1.197146	1.197253	1.197853	1.196757	1.194545	1.194609	1.19639	1.197829	1.197222	1.195824	1.195601
2011-11-22	1.179555	1.169338	1.143454	1.154731	4.05007	SELL	-53.59	1.167174	1.170473	1.175495	1.182319	1.186582	1.190694	1.19053	1.189148	1.191935	1.19329	1.19371	1.194536	1.193755	1.191891	1.192116	1.19394	1.195435	1.194986	1.19377
2011-11-23	1.154224	1.161247	1.140287	1.149372	3.91171	SELL	-236.17	1.152052	1.16124	1.165198	1.17027	1.176828	1.181266	1.185529	1.185957	1.185171	1.188066	1.18963	1.190299	1.19131	1.190796	1.189233	1.189602	1.191464	1.193011	1.192705
2011-11-25	1.149267	1.143643	1.124276	1.125755	3.79894	SELL	-25.77	1.137564	1.143286	1.152369	1.157309	1.162851	1.169532	1.174328	1.178888	1.179937	1.179769	1.182873	1.184717	1.185689	1.186939	1.186731	1.185499	1.186055	1.188005	1.189648
2011-11-28	1.125211	1.138107	1.119281	1.123178	1.6642	BUY	291.23	1.124467	1.132768	1.138259	1.14653	1.151621	1.157183	1.163737	1.168644	1.173317	1.174777	1.175053	1.178281	1.180321	1.181521	1.182954	1.182992	1.182037	1.182746	1.184764
2011-11-29	1.123247	1.159976	1.123247	1.152301	3.92075	BUY	32.62	1.13774	1.133745	1.137652	1.141067	1.147492	1.151718	1.156573	1.162467	1.16701	1.171406	1.172904	1.173303	1.176426	1.178453	1.179695	1.181151	1.181287	1.180472	1.181223
2011-11-30	1.152354	1.166723	1.147832	1.155563	3.99265	BUY	490.05	1.153932	1.143681	1.139199	1.141234	1.143483	1.148645	1.152199	1.156461	1.161776	1.165969	1.170086	1.17157	1.172036	1.175035	1.177023	1.178276	1.17973	1.179933	1.179227
2011-12-01	1.155964	1.20674	1.155964	1.204568	5.80191	SELL	-25.65	1.180066	1.170811	1.158903	1.152273	1.15179	1.15221	1.155636	1.158017	1.161272	1.165667	1.169186	1.172738	1.173927	1.174205	1.176881	1.178643	1.179736	1.181037	1.181165
2011-12-02	1.204621	1.212258	1.191638	1.202003	3.81868	SELL	-0.61	1.203286	1.187378	1.178609	1.167523	1.160561	1.158963	1.158434	1.160787	1.162416	1.164974	1.168695	1.17171	1.174829	1.175799	1.175942	1.178358	1.179941	1.180908	1.182085
2011-12-05	1.202237	1.21916	1.197212	1.201942	4.14431	BUY	78.41	1.201973	1.202838	1.191019	1.183275	1.173259	1.166473	1.164335	1.163268	1.164903	1.166009	1.168055	1.171252	1.17387	1.176636	1.177433	1.177472	1.179669	1.181099	1.18196
2011-12-06	1.202146	1.223451	1.202078	1.209783	4.14806	BUY	52.3	1.205863	1.204576	1.204574	1.194772	1.187693	1.178477	1.171887	1.169385	1.16792	1.168983	1.169657	1.171265	1.174004	1.176264	1.178708	1.179336	1.179267	1.181254	1.182533
2011-12-07	1.209775	1.223202	1.204693	1.215013	3.73423	BUY	46.24	1.212398	1.208913	1.207185	1.206662	1.198145	1.191596	1.183044	1.176678	1.173948	1.172201	1.172819	1.173146	1.17439	1.176738	1.178686	1.180843	1.181318	1.181148	1.182942
2011-12-08	1.214441	1.22663	1.202419	1.219637	4.16054	SELL	-198.67	1.217325	1.214811	1.211594	1.209676	1.208824	1.201216	1.195101	1.18711	1.180974	1.178101	1.176154	1.17642	1.176467	1.177406	1.179419	1.181095	1.182999	1.183334	1.183072
2011-12-09	1.219591	1.221226	1.196311	1.19977	4.29837	BUY	186.56	1.209704	1.211473	1.211051	1.209229	1.208025	1.207531	1.201035	1.19562	1.188376	1.182683	1.179907	1.17797	1.178088	1.17802	1.178804	1.180616	1.182132	1.183881	1.184156
2011-12-12	1.199588	1.223065	1.199588	1.218426	3.83061	SELL	-162.87	1.209098	1.212611	1.213212	1.212526	1.210762	1.209511	1.208893	1.202967	1.197901	1.191108	1.185662	1.18287	1.18086	1.180777	1.180546	1.181135	1.182717	1.184042	1.185609
2011-12-13	1.218108	1.218108	1.191498	1.202139	3.60057	SELL	-66.45	1.210283	1.206778	1.209993	1.210997	1.210795	1.20953	1.208589	1.208142	1.202884	1.198286	1.192027	1.186929	1.184246	1.182279	1.182112	1.181816	1.182302	1.183739	1.184947
2011-12-14	1.201866	1.21871	1.189496	1.195494	4.12157	SELL	-131.46	1.198817	1.205353	1.203957	1.207093	1.208413	1.208609	1.207776	1.207134	1.206878	1.202213	1.198053	1.192294	1.187541	1.184996	1.183105	1.182899	1.182576	1.182996	1.184327
2011-12-15	1.194979	1.198415	1.175377	1.182348	4.29829	BUY	45.33	1.188921	1.193327	1.199602	1.199635	1.202969	1.20469	1.205326	1.20495	1.204655	1.204648	1.200557	1.196845	1.191583	1.187195	1.184831	1.18306	1.182869	1.182564	1.182964
2011-12-16	1.182537	1.200171	1.181511	1.186881	3.81034	SELL	-2.42	1.184615	1.188241	1.191716	1.197058	1.19751	1.200671	1.202464	1.203277	1.203143	1.20304	1.203167	1.199505	1.196133	1.19127	1.187175	1.184951	1.183272	1.18308	1.18278
2011-12-19	1.187017	1.201855	1.179131	1.186639	5.3458	SELL	-100.13	1.18676	1.185289	1.187841	1.1907	1.195321	1.195957	1.198917	1.200705	1.201613	1.201643	1.201673	1.201896	1.198586	1.1955	1.19098	1.187144	1.185045	1.18345	1.183258
2011-12-20	1.186662	1.196171	1.172846	1.176626	3.65982	BUY	337.32	1.181633	1.183382	1.183124	1.185598	1.188354	1.19265	1.19354	1.19644	1.198297	1.199341	1.199558	1.199746	1.200091	1.197122	1.194321	1.190136	1.186559	1.184602	1.183108
2011-12-21	1.176914	1.213181	1.176914	1.210358	4.05559	BUY	4.16	1.193492	1.191208	1.190126	1.18857	1.189724	1.191498	1.194864	1.195409	1.197832	1.199394	1.200259	1.200389	1.200504	1.200775	1.197949	1.195264	1.191259	1.187812	1.18589
2011-12-22	1.210328	1.218055	1.196376	1.210774	3.58278	BUY	61.91	1.210566	1.199253	1.196099	1.194256	1.192271	1.192731	1.193907	1.196632	1.196946	1.199008	1.200342	1.201068	1.201131	1.201189	1.2014	1.198704	1.196126	1.192286	1.18896
2011-12-23	1.210759	1.22257	1.206574	1.216965	3.49225	BUY	124.35	1.21387	1.212699	1.203681	1.200272	1.198041	1.195799	1.195761	1.196469	1.198665	1.198765	1.200505	1.201621	1.202204	1.202186	1.202175	1.202316	1.199718	1.197223	1.19352
2011-12-27	1.216988	1.231016	1.215172	1.2294	2.23383	SELL	-2.65	1.223183	1.219046	1.216874	1.208825	1.205127	1.20252	1.199999	1.199498	1.199762	1.201459	1.201318	1.202727	1.203605	1.204017	1.203887	1.203776	1.20382	1.20128	1.198832
2011-12-28	1.229347	1.235738	1.224155	1.229135	2.13059	SELL	-139.94	1.229268	1.225167	1.221569	1.219326	1.21221	1.208557	1.205847	1.203236	1.202462	1.202433	1.203765	1.203458	1.204614	1.205307	1.205587	1.205372	1.205185	1.205153	1.202673
2011-12-29	1.228885	1.231262	1.21267	1.215141	2.34998	BUY	135.63	1.222138	1.224559	1.22266	1.220283	1.218629	1.212628	1.20938	1.20688	1.204427	1.203615	1.203492	1.20464	1.204293	1.205316	1.205922	1.206149	1.205915	1.205709	1.205652
2011-12-30	1.215232	1.23024	1.215232	1.228704	2.27813	SELL	-69.48	1.221923	1.224327	1.225595	1.223869	1.221687	1.220068	1.214638	1.211527	1.209062	1.206634	1.205705	1.205431	1.206359	1.20592	1.206777	1.207262	1.207402	1.207114	1.206859
2012-01-03	1.228628	1.23133	1.21902	1.221756	2.27185	BUY	179.82	1.22523	1.221867	1.223684	1.224827	1.223517	1.221696	1.220279	1.215429	1.21255	1.210216	1.207894	1.20694	1.206597	1.207386	1.20691	1.207658	1.208067	1.208157	1.207847
2012-01-04	1.222119	1.253426	1.222119	1.239738	3.94371	BUY	21.04	1.230747	1.230066	1.226335	1.226895	1.227312	1.225834	1.223952	1.222441	1.21786	1.215021	1.212676	1.210343	1.209283	1.208807	1.209408	1.208841	1.209441	1.209734	1.209736
2012-01-05	1.239239	1.247488	1.229135	1.241842	3.59258	SELL	-2.72	1.24079	1.234445	1.23301	1.229436	1.229386	1.229388	1.227835	1.225939	1.224381	1.22004	1.217257	1.21492	1.212593	1.211453	1.210871	1.211316	1.210674	1.211146	1.211339
2012-01-06	1.241835	1.246542	1.22389	1.24157	4.31595	SELL	-55.78	1.241706	1.24105	1.236227	1.234722	1.231459	1.231127	1.230911	1.229361	1.227502	1.225944	1.221834	1.219127	1.216824	1.214525	1.213336	1.212677	1.212996	1.2123	1.212667
2012-01-09	1.240775	1.245778	1.23052	1.235992	3.65683	BUY	32.77	1.238781	1.239801	1.239786	1.23618	1.234934	1.232106	1.231735	1.231475	1.230024	1.228274	1.226781	1.222923	1.220331	1.218101	1.215867	1.214668	1.213972	1.214207	1.213485
2012-01-10	1.236015	1.244571	1.230516	1.239269	3.3716	BUY	69.78	1.23763	1.238944	1.239668	1.239682	1.236695	1.235553	1.233002	1.232572	1.232255	1.230865	1.22919	1.227742	1.224091	1.221594	1.219424	1.217243	1.216035	1.215304	1.21546
2012-01-11	1.239451	1.25548	1.239451	1.246247	4.22196	SELL	-13.02	1.242758	1.240503	1.24077	1.240984	1.240776	1.238059	1.23689	1.234473	1.233939	1.233527	1.232147	1.230503	1.229064	1.225568	1.223135	1.221002	1.218855	1.217625	1.216851
2012-01-12	1.245944	1.250387	1.234524	1.244945	3.96812	BUY	21.57	1.245596	1.243487	1.241613	1.241605	1.241644	1.241372	1.23892	1.237785	1.23552	1.23494	1.234478	1.233131	1.231534	1.230122	1.226779	1.224418	1.222332	1.220228	1.218991
2012-01-13	1.244998	1.252676	1.235436	1.247102	4.01989	SELL	-48.96	1.246024	1.246098	1.244391	1.242711	1.242521	1.242424	1.242088	1.239829	1.238717	1.236573	1.235953	1.235449	1.234129	1.232572	1.231184	1.227974	1.225678	1.223636	1.221572
2012-01-17	1.246996	1.246996	1.228844	1.242206	3.69237	BUY	60.01	1.244654	1.244751	1.245125	1.243954	1.242627	1.242476	1.242397	1.242101	1.240067	1.239034	1.237043	1.236434	1.235932	1.234667	1.233174	1.231832	1.228765	1.226548	1.224565
2012-01-18	1.242312	1.260744	1.242312	1.248207	4.01049	BUY	96.88	1.245207	1.245838	1.245615	1.245741	1.244663	1.243424	1.243192	1.243042	1.242712	1.240807	1.239798	1.237901	1.237275	1.23675	1.235514	1.234058	1.232742	1.229788	1.227631
2012-01-19	1.247477	1.260771	1.242433	1.257895	4.09616	BUY	45.03	1.253051	1.249436	1.248853	1.248071	1.247767	1.246553	1.245233	1.244826	1.244528	1.244092	1.242231	1.24119	1.23933	1.23865	1.238072	1.23683	1.235383	1.234066	1.231194
2012-01-20	1.257819	1.267862	1.251848	1.262398	4.46589	BUY	96.5	1.260146	1.256167	1.252677	1.251562	1.250459	1.249857	1.248534	1.24714	1.246583	1.246152	1.245618	1.243782	1.242705	1.240867	1.240134	1.239503	1.238251	1.236805	1.235482
2012-01-23	1.262383	1.276384	1.256835	1.272048	3.91262	SELL	-11.66	1.267223	1.264114	1.260137	1.256551	1.254976	1.253543	1.252631	1.251146	1.249631	1.248898	1.24831	1.247651	1.245801	1.244661	1.242816	1.242011	1.241311	1.240029	1.238567
2012-01-24	1.272017	1.280698	1.26202	1.270882	3.77091	SELL	-33.07	1.271465	1.268443	1.265806	1.262286	1.258939	1.257248	1.25571	1.254659	1.25312	1.251563	1.25073	1.250046	1.24931	1.247473	1.2463	1.244467	1.243615	1.242867	1.241572
2012-01-25	1.270844	1.275302	1.255178	1.267575	3.69356	BUY	81.21	1.269229	1.270168	1.268226	1.26616	1.263168	1.260173	1.258539	1.257029	1.25595	1.254434	1.252897	1.252026	1.251298	1.250528	1.24873	1.247552	1.245751	1.244876	1.244103
2012-01-26	1.267378	1.279495	1.253725	1.275696	4.41091	SELL	-22.33	1.271636	1.271384	1.27155	1.26972	1.267749	1.264957	1.262113	1.260445	1.258895	1.257746	1.256206	1.254651	1.253717	1.252925	1.252101	1.250316	1.249115	1.247327	1.246417
2012-01-27	1.275748	1.288463	1.2679	1.273463	4.52207	SELL	-74.17	1.27458	1.272245	1.271904	1.271933	1.270344	1.268565	1.266021	1.263374	1.261747	1.26022	1.259055	1.257533	1.255995	1.255033	1.254209	1.253357	1.251602	1.250397	1.248634
2012-01-30	1.273372	1.274924	1.259121	1.266046	3.86043	SELL	-6.74	1.269755	1.271735	1.270695	1.270732	1.270952	1.26973	1.26825	1.266023	1.263642	1.262138	1.260705	1.259593	1.258141	1.256665	1.255721	1.254905	1.254062	1.252362	1.251179
2012-01-31	1.265932	1.267983	1.249218	1.265372	3.65901	SELL	-20.81	1.265709	1.268294	1.270144	1.26963	1.269839	1.270155	1.269185	1.267931	1.265958	1.263799	1.262408	1.261064	1.260006	1.258623	1.257209	1.256289	1.255486	1.254658	1.253012
2012-02-01	1.265478	1.275605	1.254285	1.263291	4.23555	BUY	83.55	1.264332	1.264903	1.267043	1.268774	1.268574	1.268904	1.269297	1.26853	1.267467	1.265716	1.263757	1.262475	1.261223	1.260225	1.258915	1.257567	1.256678	1.255897	1.255089
2012-02-02	1.263276	1.282651	1.263276	1.271646	4.50436	SELL	-11.05	1.267469	1.26677	1.266589	1.267964	1.269252	1.269013	1.269246	1.269558	1.268842	1.267847	1.26621	1.264363	1.26313	1.261918	1.260939	1.259664	1.258349	1.257466	1.256685
2012-02-03	1.271654	1.278549	1.265024	1.270541	4.12092	BUY	156.82	1.271094	1.268493	1.267713	1.267379	1.268393	1.269436	1.269204	1.26939	1.269656	1.268996	1.268071	1.266543	1.264805	1.263625	1.262457	1.261504	1.260268	1.258991	1.25812
2012-02-06	1.270511	1.291714	1.270511	1.286223	4.60855	SELL	-17.1	1.278382	1.276137	1.272925	1.271415	1.27052	1.27094	1.271535	1.271095	1.271074	1.271162	1.270432	1.269467	1.267949	1.266233	1.265037	1.263855	1.262877	1.261634	1.260352
2012-02-07	1.286079	1.28888	1.275597	1.284513	3.3797	BUY	33.07	1.285368	1.280426	1.278231	1.275243	1.273598	1.272519	1.272637	1.272977	1.272437	1.272295	1.272275	1.271515	1.270542	1.269053	1.267375	1.266183	1.265003	1.264016	1.262778
2012-02-08	1.284444	1.29311	1.27534	1.28782	3.74246	BUY	5.75	1.286167	1.286185	1.282274	1.280149	1.277339	1.275629	1.274432	1.274324	1.274461	1.273835	1.273589	1.27347	1.27268	1.271694	1.270226	1.268578	1.267385	1.266204	1.265206
2012-02-09	1.286594	1.294737	1.27892	1.288395	4.09673	BUY	6.51	1.288108	1.286909	1.286738	1.283498	1.281523	1.278918	1.277225	1.275983	1.275731	1.275728	1.275048	1.274728	1.274537	1.273727	1.272738	1.271295	1.269679	1.26849	1.267313
2012-02-10	1.288441	1.297818	1.282068	1.289046	4.20989	SELL	-89.23	1.288721	1.28842	1.287444	1.287199	1.284423	1.282598	1.280184	1.278539	1.277289	1.276941	1.276838	1.276125	1.275751	1.275504	1.274685	1.273697	1.272281	1.270698	1.269518
2012-02-13	1.288955	1.288955	1.271226	1.280123	3.87758	BUY	72.81	1.284584	1.285855	1.286346	1.285979	1.28602	1.283809	1.282288	1.280178	1.278697	1.277547	1.277207	1.27709	1.276411	1.276042	1.275793	1.275005	1.274054	1.272694	1.271169
2012-02-14	1.279911	1.292944	1.279449	1.287404	3.61804	BUY	4.24	1.283764	1.285524	1.286242	1.286558	1.286217	1.286218	1.284258	1.282857	1.2809	1.279489	1.278368	1.277991	1.277827	1.277144	1.276752	1.276476	1.275693	1.274757	1.273429
2012-02-15	1.287192	1.290363	1.277171	1.287828	3.88952	SELL	-97.33	1.287616	1.285118	1.2861	1.286559	1.286769	1.286447	1.286419	1.284655	1.283354	1.28153	1.280184	1.279096	1.278694	1.278494	1.277811	1.277404	1.277106	1.276332	1.27541
2012-02-16	1.286541	1.292747	1.274038	1.278095	4.08034	BUY	123.13	1.282961	1.284442	1.283363	1.284499	1.285149	1.28553	1.285403	1.285494	1.283999	1.282876	1.281244	1.280023	1.279025	1.278654	1.278469	1.277828	1.277442	1.277158	1.27642
2012-02-17	1.277958	1.293674	1.276006	1.290408	4.10888	BUY	45.79	1.284251	1.285444	1.285934	1.284772	1.285484	1.2859	1.28614	1.285959	1.285985	1.284581	1.283504	1.281949	1.280765	1.279783	1.279388	1.279171	1.278527	1.278125	1.277821
2012-02-21	1.290333	1.300641	1.287139	1.294987	3.71764	BUY	15.82	1.292698	1.28783	1.28783	1.287744	1.286474	1.286842	1.287036	1.287123	1.286862	1.286804	1.285449	1.284387	1.28288	1.281713	1.280734	1.280306	1.28005	1.279393	1.278968
2012-02-22	1.294934	1.304943	1.289557	1.296569	3.7952	SELL	-27.02	1.295778	1.293988	1.290015	1.289577	1.289215	1.287916	1.288057	1.288095	1.288068	1.287744	1.287618	1.286304	1.285257	1.283793	1.282641	1.281665	1.281209	1.280919	1.280252
2012-02-23	1.296622	1.302942	1.287529	1.293867	3.63371	BUY	46.02	1.295218	1.295141	1.293958	1.290785	1.290292	1.28988	1.28866	1.288703	1.288672	1.288595	1.288255	1.288098	1.286844	1.285831	1.284422	1.283302	1.282343	1.281876	1.281567
2012-02-24	1.293708	1.30503	1.285625	1.298469	3.78645	SELL	-1.74	1.296168	1.296302	1.295973	1.29486	1.292066	1.29146	1.290953	1.28975	1.28968	1.289563	1.289418	1.28904	1.288839	1.287619	1.286621	1.285249	1.284144	1.283192	1.282705
2012-02-27	1.29812	1.305515	1.292872	1.298295	3.50536	SELL	-1.44	1.298382	1.296877	1.2968	1.296437	1.295433	1.292956	1.292315	1.291769	1.290605	1.290463	1.290291	1.2901	1.289701	1.289469	1.288286	1.287308	1.285973	1.284889	1.283947
2012-02-28	1.29812	1.305148	1.285928	1.298151	3.64889	BUY	23.61	1.298223	1.298305	1.297196	1.29707	1.296723	1.295821	1.293605	1.292963	1.292407	1.291291	1.291104	1.290895	1.290676	1.290265	1.290012	1.288867	1.28791	1.286614	1.285552
2012-02-29	1.297674	1.305817	1.292588	1.300512	3.57912	SELL	-53.05	1.299332	1.298986	1.298857	1.297859	1.297644	1.297264	1.296407	1.294373	1.293718	1.293144	1.292059	1.291827	1.291582	1.291331	1.290905	1.29063	1.289514	1.288573	1.287309
2012-03-01	1.300527	1.308716	1.29031	1.295207	4.48237	BUY	28.23	1.29786	1.297957	1.298041	1.298127	1.297417	1.297296	1.297007	1.296274	1.294456	1.293853	1.293316	1.292301	1.292069	1.291824	1.291574	1.291158	1.290884	1.289813	1.288905
2012-03-02	1.295237	1.306707	1.291188	1.29803	3.91924	SELL	-2.73	1.296619	1.297916	1.297975	1.298039	1.298111	1.297504	1.297388	1.297121	1.29645	1.294781	1.294202	1.293679	1.29271	1.292466	1.292212	1.291953	1.29154	1.29126	1.290224
2012-03-05	1.298075	1.303184	1.290329	1.297757	3.28349	SELL	-14.76	1.297894	1.296998	1.297876	1.297931	1.297992	1.29806	1.297536	1.297429	1.297184	1.296568	1.295029	1.294475	1.29397	1.293047	1.292797	1.292538	1.292276	1.291867	1.291585
2012-03-06	1.297734	1.303017	1.285046	1.296281	3.42948	SELL	-203.66	1.297019	1.297356	1.296819	1.297557	1.297656	1.297748	1.297838	1.297397	1.297314	1.297102	1.296544	1.295125	1.294604	1.294124	1.293249	1.293002	1.292746	1.292487	1.292088
2012-03-07	1.29585	1.29585	1.270133	1.275915	4.19106	BUY	78.18	1.286098	1.289984	1.291996	1.292638	1.29395	1.29455	1.295018	1.295402	1.295248	1.295368	1.295337	1.294958	1.293753	1.293358	1.292986	1.292229	1.292052	1.29186	1.291658
2012-03-08	1.275612	1.288278	1.272676	1.283733	3.58038	BUY	70.61	1.279824	1.28531	1.288422	1.290343	1.291154	1.292491	1.293198	1.293765	1.294235	1.294202	1.294399	1.294444	1.294156	1.293085	1.292757	1.292442	1.291757	1.291615	1.291454
2012-03-09	1.283553	1.296395	1.283419	1.290794	3.54306	BUY	14.08	1.287264	1.283481	1.286681	1.288896	1.290418	1.291102	1.292279	1.292931	1.293467	1.293922	1.293918	1.294122	1.294183	1.293932	1.292942	1.292641	1.29235	1.291707	1.291574
2012-03-12	1.290832	1.299725	1.286806	1.292202	3.63947	BUY	37.69	1.291498	1.28891	1.285661	1.287785	1.289447	1.290673	1.29124	1.29227	1.292858	1.293352	1.293779	1.293786	1.293984	1.294051	1.293824	1.292898	1.292617	1.292342	1.291731
2012-03-13	1.292058	1.302294	1.287623	1.295971	3.08187	BUY	217.97	1.294087	1.292989	1.290675	1.287723	1.289149	1.290379	1.291335	1.291766	1.29264	1.293141	1.293571	1.293947	1.293942	1.294117	1.294171	1.29395	1.293069	1.292793	1.292524
2012-03-14	1.295313	1.319312	1.295313	1.317768	4.38647	BUY	16.42	1.30687	1.30198	1.299184	1.296094	1.292731	1.293238	1.293803	1.294272	1.294366	1.294925	1.295193	1.295432	1.295649	1.29553	1.295595	1.295559	1.295273	1.294369	1.294042
2012-03-15	1.317722	1.326948	1.31082	1.31941	4.50228	BUY	58.66	1.318589	1.31105	1.306338	1.303229	1.29998	1.296542	1.296509	1.296648	1.296786	1.296643	1.296965	1.297056	1.297145	1.297233	1.297023	1.296996	1.296884	1.296543	1.295621
2012-03-16	1.319289	1.328636	1.31222	1.325276	4.27165	SELL	-20.14	1.322343	1.320818	1.314606	1.310125	1.306904	1.303593	1.300134	1.299706	1.299511	1.299376	1.299029	1.299143	1.299072	1.29902	1.298986	1.298685	1.298567	1.298379	1.29798
2012-03-19	1.325359	1.333177	1.31907	1.323262	5.16395	BUY	6.51	1.324269	1.322649	1.321429	1.316337	1.312315	1.30924	1.306052	1.302703	1.302061	1.30167	1.301367	1.300893	1.300866	1.300685	1.300535	1.300414	1.30005	1.299867	1.299623
2012-03-20	1.323202	1.329896	1.315762	1.323913	3.93257	SELL	-68.94	1.323588	1.32415	1.322965	1.321926	1.3176	1.313972	1.311075	1.308037	1.304824	1.304048	1.303524	1.303101	1.302537	1.302402	1.302136	1.30191	1.301719	1.301306	1.301069
2012-03-21	1.32383	1.32383	1.309613	1.317019	3.69528	SELL	-45.57	1.320466	1.321398	1.322368	1.321776	1.321108	1.317517	1.314353	1.311735	1.308935	1.305933	1.305129	1.304562	1.304095	1.303503	1.303316	1.303012	1.30275	1.302524	1.302092
2012-03-22	1.317079	1.323024	1.308534	1.312462	3.57359	SELL	-78.48	1.314741	1.317798	1.319164	1.320386	1.320224	1.319873	1.316885	1.314143	1.311808	1.309255	1.306477	1.305693	1.305126	1.304653	1.304063	1.303854	1.303537	1.303261	1.303021
2012-03-23	1.312447	1.312538	1.297379	1.304614	3.74059	BUY	34.59	1.308538	1.311365	1.314502	1.316254	1.317758	1.317994	1.317966	1.315522	1.31319	1.311154	1.308869	1.306334	1.305616	1.305092	1.30465	1.304095	1.303896	1.303594	1.303329
2012-03-26	1.304599	1.312803	1.297757	1.308073	3.47295	BUY	160.9	1.306344	1.308383	1.310542	1.313216	1.314891	1.316374	1.316754	1.316866	1.314777	1.312725	1.310897	1.308807	1.306458	1.30578	1.305278	1.304852	1.304316	1.304116	1.303817
2012-03-27	1.308262	1.326861	1.308262	1.324163	3.57695	SELL	-43.9	1.316118	1.312283	1.312328	1.313266	1.315041	1.316215	1.317348	1.317577	1.317596	1.31563	1.313678	1.311917	1.309904	1.307638	1.306929	1.306389	1.305925	1.305361	1.305118
2012-03-28	1.324209	1.329896	1.317654	1.319773	3.51364	SELL	-71.52	1.321968	1.317336	1.314156	1.313817	1.314351	1.315717	1.31666	1.317617	1.317797	1.317794	1.315975	1.314147	1.312479	1.310562	1.308397	1.307684	1.307133	1.306653	1.306081
2012-03-29	1.319554	1.324965	1.304841	1.312621	3.8928	BUY	19.61	1.316197	1.318852	1.316158	1.313849	1.313618	1.314104	1.31533	1.316211	1.317118	1.317326	1.317363	1.315717	1.314038	1.312488	1.310691	1.308645	1.307958	1.307421	1.306952
2012-03-30	1.312599	1.317764	1.299384	1.314582	3.832	BUY	66.22	1.313601	1.315659	1.317785	1.315842	1.313971	1.313755	1.314163	1.315247	1.316048	1.316887	1.317097	1.317149	1.315636	1.314074	1.312619	1.31092	1.308975	1.308307	1.307779
2012-04-02	1.314794	1.324912	1.312758	1.321204	3.67689	BUY	52.45	1.317893	1.316136	1.317045	1.318469	1.316736	1.315004	1.314686	1.314946	1.315842	1.316517	1.317247	1.317413	1.317439	1.316007	1.31452	1.313124	1.311491	1.309619	1.308952
2012-04-03	1.314794	1.331686	1.312886	1.326449	3.57201	SELL	-64.94	1.323827	1.320745	1.318714	1.318926	1.319799	1.318124	1.316435	1.315993	1.316096	1.316807	1.317345	1.317955	1.318059	1.318039	1.31666	1.315221	1.313864	1.312278	1.31046
2012-04-04	1.325896	1.329714	1.311418	1.319955	3.82209	SELL	-124.8	1.323202	1.322536	1.320548	1.318962	1.319097	1.319821	1.318353	1.316826	1.31639	1.316447	1.317069	1.317545	1.318098	1.318185	1.318159	1.316854	1.315484	1.314185	1.312662
2012-04-05	1.319819	1.319819	1.299505	1.307475	3.93829	SELL	-14.61	1.313715	1.31796	1.318771	1.317933	1.317048	1.317437	1.318278	1.317144	1.315891	1.315579	1.315699	1.316331	1.316826	1.317389	1.317516	1.317531	1.316333	1.315063	1.313849
2012-04-09	1.306718	1.312307	1.297598	1.306014	3.30374	SELL	-130.55	1.306745	1.311148	1.314973	1.316219	1.315947	1.315471	1.316009	1.316915	1.316031	1.314993	1.314782	1.314954	1.315594	1.316105	1.316678	1.316839	1.316891	1.31579	1.31461
2012-04-10	1.305757	1.305757	1.286011	1.292959	3.46898	SELL	-213.66	1.299487	1.302149	1.306601	1.31057	1.312343	1.312663	1.312657	1.313448	1.314519	1.313933	1.313157	1.313103	1.313383	1.314085	1.314659	1.315283	1.315512	1.315631	1.314648
2012-04-11	1.292959	1.295146	1.26891	1.271593	4.63173	BUY	89.46	1.282276	1.290189	1.29451	1.299599	1.304074	1.306521	1.307529	1.308095	1.309262	1.310617	1.310405	1.30996	1.310138	1.310597	1.311429	1.312125	1.312856	1.313201	1.313429
2012-04-12	1.271692	1.289091	1.271692	1.280539	3.74304	BUY	181.19	1.276066	1.281697	1.287776	1.291716	1.296423	1.300712	1.303274	1.30453	1.305339	1.306651	1.308111	1.308108	1.307858	1.308165	1.308718	1.309612	1.310371	1.311155	1.311568
2012-04-13	1.280645	1.301882	1.278492	1.298658	3.61828	SELL	-136.99	1.289599	1.283597	1.285937	1.289953	1.292873	1.296742	1.300455	1.302761	1.303943	1.304732	1.305985	1.307383	1.307433	1.307245	1.307571	1.308127	1.309004	1.309754	1.31053
2012-04-16	1.29862	1.299263	1.282605	1.284959	3.63116	BUY	71.82	1.291809	1.288052	1.283937	1.285742	1.28912	1.291742	1.295269	1.298733	1.300981	1.302217	1.303084	1.304368	1.305782	1.305934	1.305852	1.306241	1.30684	1.307738	1.308514
2012-04-17	1.285088	1.303259	1.284051	1.292141	3.57478	BUY	194.13	1.28855	1.291919	1.289074	1.285578	1.286808	1.289552	1.291792	1.294921	1.298074	1.300177	1.301377	1.302242	1.303494	1.304872	1.305072	1.305045	1.305457	1.306066	1.306958
2012-04-18	1.292187	1.316833	1.292187	1.311554	3.4562	SELL	-82.79	1.301848	1.296218	1.296828	1.29357	1.289907	1.290343	1.292302	1.293988	1.296585	1.2993	1.301125	1.30216	1.302907	1.304032	1.30529	1.305454	1.305407	1.305778	1.30634
2012-04-19	1.311456	1.31317	1.297716	1.303275	3.46314	SELL	-68.65	1.307415	1.302323	1.297982	1.298117	1.295188	1.291817	1.29196	1.293521	1.294917	1.297193	1.299631	1.30129	1.30224	1.302932	1.303984	1.305171	1.305333	1.305295	1.305653
2012-04-20	1.302873	1.311505	1.28743	1.29641	4.18002	BUY	65.16	1.299843	1.303746	1.300845	1.297668	1.297833	1.295362	1.292391	1.292454	1.29381	1.295052	1.297128	1.299383	1.300942	1.301851	1.302524	1.303539	1.304685	1.304863	1.304851
2012-04-23	1.296448	1.312799	1.2961	1.302926	3.83332	SELL	-102.09	1.299668	1.30087	1.303541	1.301261	1.298544	1.29856	1.296308	1.293562	1.293501	1.294639	1.295709	1.297574	1.299636	1.301074	1.301918	1.302548	1.303505	1.304592	1.304766
2012-04-24	1.302805	1.302805	1.281024	1.292717	3.65486	BUY	74.39	1.297822	1.297351	1.298832	1.301376	1.299837	1.297712	1.29783	1.295909	1.293477	1.29343	1.294479	1.295478	1.297227	1.299175	1.300552	1.301377	1.302002	1.302937	1.303998
2012-04-25	1.292777	1.308875	1.290234	1.300156	3.6171	BUY	89.16	1.296437	1.2986	1.298052	1.299097	1.301173	1.299883	1.298017	1.298088	1.296333	1.294084	1.293991	1.294915	1.295813	1.297422	1.299236	1.300528	1.301309	1.301905	1.302798
2012-04-26	1.299754	1.316992	1.297265	1.309072	3.99843	BUY	113.9	1.304614	1.300648	1.301218	1.300256	1.300759	1.302301	1.301031	1.299246	1.299187	1.297492	1.295333	1.295151	1.295927	1.296697	1.29815	1.299815	1.301003	1.301718	1.302263
2012-04-27	1.309004	1.324383	1.30447	1.320462	4.0347	BUY	23.69	1.314767	1.309897	1.305602	1.305067	1.303624	1.303574	1.304572	1.30319	1.301367	1.301121	1.299406	1.297266	1.296959	1.297562	1.298182	1.299463	1.300962	1.302027	1.302655
2012-04-30	1.32047	1.331187	1.315282	1.322831	3.64583	SELL	-14.68	1.321647	1.317455	1.31313	1.309048	1.308027	1.306368	1.305981	1.3066	1.305154	1.303318	1.30293	1.301208	1.299092	1.298683	1.299142	1.299632	1.300761	1.302113	1.303067
2012-05-01	1.322839	1.32719	1.31328	1.321363	3.57401	BUY	65.69	1.322097	1.321552	1.318432	1.314777	1.3111	1.309932	1.308242	1.30769	1.308077	1.306628	1.304822	1.304348	1.302647	1.300577	1.300101	1.300449	1.300839	1.301845	1.303075
2012-05-02	1.321416	1.335962	1.315217	1.327932	3.80795	SELL	-10.75	1.324648	1.324042	1.323147	1.320332	1.316969	1.313505	1.312182	1.31043	1.309714	1.309882	1.308403	1.3066	1.306033	1.304333	1.302287	1.301738	1.301976	1.302265	1.30315
2012-05-03	1.327796	1.330596	1.316406	1.326857	3.80386	SELL	-61.98	1.327395	1.325384	1.324746	1.323889	1.32142	1.318382	1.315174	1.313813	1.312073	1.311273	1.311296	1.309823	1.308047	1.307421	1.305741	1.303732	1.303134	1.303285	1.303495
2012-05-04	1.326736	1.331459	1.315558	1.320659	4.00491	SELL	-168.32	1.323758	1.325149	1.324203	1.323928	1.323351	1.321311	1.318667	1.315783	1.314498	1.312853	1.312055	1.312016	1.310597	1.308888	1.308248	1.306618	1.304672	1.304056	1.304154
2012-05-07	1.320462	1.320462	1.30052	1.303827	3.97514	SELL	-29.74	1.312243	1.317114	1.319819	1.320128	1.320578	1.320562	1.319125	1.317018	1.314588	1.313527	1.312101	1.311422	1.311432	1.310145	1.308571	1.307988	1.306463	1.304628	1.304044
2012-05-08	1.3036	1.308069	1.293163	1.300853	3.55939	SELL	-76.44	1.30234	1.308446	1.313049	1.316026	1.316915	1.31776	1.318098	1.317095	1.315401	1.313339	1.312471	1.311236	1.310667	1.310726	1.309565	1.308117	1.307592	1.306168	1.304439
2012-05-09	1.300073	1.300119	1.278935	1.293209	4.26167	SELL	-97.03	1.297031	1.299296	1.304637	1.309081	1.312223	1.313529	1.314691	1.315333	1.314706	1.313384	1.311661	1.31099	1.309948	1.309503	1.309631	1.308603	1.307289	1.306835	1.30552
2012-05-10	1.292166	1.294749	1.272869	1.283506	4.28854	BUY	19.98	1.288358	1.292523	1.295349	1.300411	1.304818	1.30812	1.309776	1.311226	1.31215	1.31187	1.310894	1.309496	1.309026	1.308185	1.307878	1.308095	1.307208	1.306037	1.305668
2012-05-11	1.283158	1.297292	1.280475	1.285504	3.72799	SELL	-34.44	1.284505	1.287406	1.290768	1.29338	1.297926	1.302059	1.305293	1.307079	1.308654	1.309728	1.309673	1.308941	1.307782	1.307458	1.306768	1.306562	1.30684	1.306066	1.305011
2012-05-14	1.285179	1.293307	1.274099	1.28206	3.86907	SELL	-125.25	1.283782	1.28369	1.28607	1.289026	1.291493	1.29566	1.299559	1.302712	1.304577	1.306236	1.307422	1.307549	1.307021	1.306067	1.305871	1.305314	1.305201	1.305535	1.304866
2012-05-15	1.281886	1.281886	1.263401	1.269535	3.68812	SELL	-63.35	1.275798	1.279033	1.280151	1.282763	1.285778	1.288356	1.292394	1.296223	1.299394	1.301391	1.303178	1.304508	1.304834	1.304522	1.303784	1.303733	1.303327	1.303324	1.303735
2012-05-16	1.269482	1.279574	1.258368	1.2632	4.11404	SELL	-33.45	1.266368	1.271598	1.275075	1.276761	1.279502	1.282552	1.285212	1.28915	1.292921	1.296104	1.298209	1.300103	1.301557	1.302058	1.301939	1.301397	1.301482	1.301215	1.301318
2012-05-17	1.261739	1.276471	1.255957	1.259855	4.28042	SELL	-156.06	1.261528	1.264197	1.268663	1.272031	1.273943	1.276696	1.279715	1.282394	1.286221	1.289915	1.293083	1.295258	1.297228	1.298777	1.29942	1.299464	1.299089	1.299291	1.299147
2012-05-18	1.259847	1.267022	1.241585	1.244249	4.66428	SELL	-73.11	1.252052	1.255768	1.25921	1.26378	1.267401	1.269701	1.27264	1.275775	1.27858	1.282405	1.286109	1.289327	1.291615	1.293696	1.295369	1.296175	1.296396	1.296202	1.296539
2012-05-21	1.244294	1.253952	1.230963	1.236938	4.51247	BUY	135.1	1.240594	1.247014	1.251061	1.254755	1.259306	1.263049	1.265606	1.268673	1.271891	1.274794	1.278616	1.282327	1.285585	1.28797	1.290149	1.291932	1.292884	1.293267	1.293239
2012-05-22	1.236923	1.254557	1.233638	1.250448	3.78675	SELL	-1.67	1.243693	1.243878	1.247873	1.250938	1.254038	1.258041	1.261474	1.263922	1.26685	1.269942	1.272765	1.276449	1.28005	1.283242	1.285625	1.287813	1.289627	1.290651	1.291126
2012-05-23	1.250523	1.261346	1.242539	1.250281	4.12368	SELL	-6.66	1.250364	1.245889	1.245479	1.248354	1.250829	1.253501	1.257071	1.26023	1.262558	1.265344	1.268303	1.271036	1.27458	1.278065	1.281182	1.283546	1.285728	1.287556	1.288632
2012-05-24	1.25016	1.253634	1.228927	1.249615	4.10833	BUY	33.6	1.249948	1.250115	1.246821	1.246306	1.248564	1.250655	1.253015	1.256242	1.259169	1.261381	1.264033	1.266866	1.269506	1.272916	1.276287	1.279325	1.281661	1.283827	1.285659
2012-05-25	1.249191	1.258924	1.239099	1.252975	3.93767	SELL	-74.92	1.251295	1.250957	1.25083	1.248051	1.247418	1.249194	1.250945	1.253011	1.255916	1.258605	1.260681	1.263183	1.265873	1.268404	1.27167	1.274916	1.277861	1.280151	1.282285
2012-05-29	1.253059	1.257588	1.240416	1.245483	2.87266	BUY	125.86	1.249229	1.249358	1.249589	1.24976	1.247623	1.247141	1.248731	1.250338	1.252258	1.254967	1.257512	1.259511	1.261918	1.264514	1.266971	1.270129	1.273281	1.276157	1.278417
2012-05-30	1.245521	1.264665	1.245521	1.258069	3.44164	SELL	-160.83	1.251776	1.252176	1.251536	1.251285	1.251145	1.249116	1.248507	1.249768	1.251111	1.252786	1.255226	1.257555	1.259408	1.261662	1.264111	1.266447	1.269459	1.27248	1.275253
2012-05-31	1.257887	1.257887	1.237335	1.241986	3.53429	SELL	-26.41	1.250028	1.248513	1.249628	1.249626	1.249735	1.249837	1.248224	1.247783	1.24899	1.250282	1.251886	1.254207	1.256443	1.258247	1.260432	1.26281	1.265088	1.268013	1.270955
2012-06-01	1.241441	1.250398	1.229805	1.239345	4.55762	SELL	-274.88	1.240666	1.246467	1.246221	1.247572	1.247912	1.248251	1.248525	1.247238	1.246939	1.248113	1.24937	1.250921	1.253146	1.255303	1.257066	1.259192	1.261506	1.263734	1.26658